{"mean":{"confidence_interval":{"confidence_level":0.95,"lower_bound":55815082.96825952,"upper_bound":56277909.53392245},"point_estimate":56018176.5990895,"standard_error":118309.33805136681},"median":{"confidence_interval":{"confidence_level":0.95,"lower_bound":55998295.26875,"upper_bound":56001469.93686868},"point_estimate":56000122.15357143,"standard_error":14476.611899008754},"median_abs_dev":{"confidence_interval":{"confidence_level":0.95,"lower_bound":1291.071466556072,"upper_bound":288480.3801659513},"point_estimate":5510.749972163526,"standard_error":98942.55804027487},"slope":{"confidence_interval":{"confidence_level":0.95,"lower_bound":55962271.743404195,"upper_bound":56102681.98022406},"point_estimate":56035556.77787457,"standard_error":35910.08795477509},"std_dev":{"confidence_interval":{"confidence_level":0.95,"lower_bound":141556.81516169434,"upper_bound":842742.5938823078},"point_estimate":542948.5767302462,"standard_error":197898.2997856418}}