{"mean":{"confidence_interval":{"confidence_level":0.95,"lower_bound":0.018167454179698662,"upper_bound":0.18430307421214892},"point_estimate":0.0994980659334952,"standard_error":0.04253502332021221},"median":{"confidence_interval":{"confidence_level":0.95,"lower_bound":0.055403027471799544,"upper_bound":0.32890632792280905},"point_estimate":0.1282691764125483,"standard_error":0.10040950764454357}}