{"mean":{"confidence_interval":{"confidence_level":0.95,"lower_bound":119520189.403,"upper_bound":120802653.78000005},"point_estimate":120162386.43000002,"standard_error":327664.66883356974},"median":{"confidence_interval":{"confidence_level":0.95,"lower_bound":119609277.7,"upper_bound":120807063.7},"point_estimate":119994154.30000001,"standard_error":270333.5113603385},"median_abs_dev":{"confidence_interval":{"confidence_level":0.95,"lower_bound":62358.32909843586,"upper_bound":2348714.863201976},"point_estimate":1188109.0652668497,"standard_error":442356.66127378395},"slope":null,"std_dev":{"confidence_interval":{"confidence_level":0.95,"lower_bound":943922.5498183642,"upper_bound":1920920.8940546797},"point_estimate":1505528.6421545532,"standard_error":251628.22121430677}}