{"mean":{"confidence_interval":{"confidence_level":0.95,"lower_bound":263668246.74291664,"upper_bound":310933345.9316667},"point_estimate":287269929.0,"standard_error":13110756.980730435},"median":{"confidence_interval":{"confidence_level":0.95,"lower_bound":234280630.66666666,"upper_bound":351610245.3333334},"point_estimate":234934362.1666667,"standard_error":49712771.945848994},"median_abs_dev":{"confidence_interval":{"confidence_level":0.95,"lower_bound":45715.22888839245,"upper_bound":87813576.31609744},"point_estimate":1047236.4682078729,"standard_error":31451457.47376549},"slope":null,"std_dev":{"confidence_interval":{"confidence_level":0.95,"lower_bound":52053151.09329938,"upper_bound":60397408.65309264},"point_estimate":59981113.91357467,"standard_error":2726979.784928408}}