{"mean":{"confidence_interval":{"confidence_level":0.95,"lower_bound":387274113.7645834,"upper_bound":402803809.88666666},"point_estimate":395072890.5666667,"standard_error":3962475.28845427},"median":{"confidence_interval":{"confidence_level":0.95,"lower_bound":381647637.0,"upper_bound":409154863.8333334},"point_estimate":391493648.5,"standard_error":8275964.6505046785},"median_abs_dev":{"confidence_interval":{"confidence_level":0.95,"lower_bound":6672201.494544715,"upper_bound":28655425.423264414},"point_estimate":20917577.27533874,"standard_error":5745868.820253247},"slope":null,"std_dev":{"confidence_interval":{"confidence_level":0.95,"lower_bound":13467008.938968142,"upper_bound":21989393.529431157},"point_estimate":18166460.072153024,"standard_error":2211931.655051603}}