{"mean":{"confidence_interval":{"confidence_level":0.95,"lower_bound":-0.00007042796268129923,"upper_bound":0.00003920551037232544},"point_estimate":-7.358308654170642e-6,"standard_error":0.00002756796219453847},"median":{"confidence_interval":{"confidence_level":0.95,"lower_bound":-0.000012116423084851391,"upper_bound":0.000013448983338104625},"point_estimate":2.8103992715244885e-6,"standard_error":5.921589617780454e-6}}