{"mean":{"confidence_interval":{"confidence_level":0.95,"lower_bound":-0.11113444117544191,"upper_bound":0.17430109253371434},"point_estimate":0.0380757966569516,"standard_error":0.07450197249264395},"median":{"confidence_interval":{"confidence_level":0.95,"lower_bound":-0.0296681776953182,"upper_bound":0.3218196660588448},"point_estimate":0.19517524005594233,"standard_error":0.0797542890369801}}