{"mean":{"confidence_interval":{"confidence_level":0.95,"lower_bound":-0.00002940839211410251,"upper_bound":0.0004246812732307481},"point_estimate":0.00016082754134916222,"standard_error":0.00012513294450434983},"median":{"confidence_interval":{"confidence_level":0.95,"lower_bound":-0.000015298592492052343,"upper_bound":0.00007938772873772315},"point_estimate":0.00002687479743057608,"standard_error":0.000023112271958309525}}