{"mean":{"confidence_interval":{"confidence_level":0.95,"lower_bound":-0.13654642234017758,"upper_bound":0.2098673859899595},"point_estimate":0.011521381939489483,"standard_error":0.08756763989451696},"median":{"confidence_interval":{"confidence_level":0.95,"lower_bound":-0.3332754553032943,"upper_bound":0.6621468500927681},"point_estimate":-0.33295551176561167,"standard_error":0.3131980702512606}}