{"mean":{"confidence_interval":{"confidence_level":0.95,"lower_bound":106962528.46700001,"upper_bound":109120535.17600003},"point_estimate":108040608.21,"standard_error":549381.9902548296},"median":{"confidence_interval":{"confidence_level":0.95,"lower_bound":106796053.69999999,"upper_bound":109201150.7},"point_estimate":108392970.2,"standard_error":760992.1346144559},"median_abs_dev":{"confidence_interval":{"confidence_level":0.95,"lower_bound":1186582.28381396,"upper_bound":4143105.0183051736},"point_estimate":2375682.1706432146,"standard_error":738947.3373062221},"slope":null,"std_dev":{"confidence_interval":{"confidence_level":0.95,"lower_bound":1787230.052221929,"upper_bound":3042155.562966391},"point_estimate":2521585.4044473716,"standard_error":321258.6826873117}}