{"mean":{"confidence_interval":{"confidence_level":0.95,"lower_bound":0.010609089766022605,"upper_bound":0.3088638699175293},"point_estimate":0.14520150380105212,"standard_error":0.0761339224017698},"median":{"confidence_interval":{"confidence_level":0.95,"lower_bound":-0.09966901269434147,"upper_bound":0.6315788799697981},"point_estimate":0.23443626793685546,"standard_error":0.19393626364842229}}