{"mean":{"confidence_interval":{"confidence_level":0.95,"lower_bound":152964493.95075002,"upper_bound":168401424.663},"point_estimate":160846724.38000003,"standard_error":3976540.892230097},"median":{"confidence_interval":{"confidence_level":0.95,"lower_bound":140579364.7,"upper_bound":175761966.8},"point_estimate":175720406.5,"standard_error":13717925.98035807},"median_abs_dev":{"confidence_interval":{"confidence_level":0.95,"lower_bound":34091.34857475316,"upper_bound":26643223.985608224},"point_estimate":7179347.449901117,"standard_error":8877858.462789517},"slope":null,"std_dev":{"confidence_interval":{"confidence_level":0.95,"lower_bound":15151873.337327193,"upper_bound":19162405.842508074},"point_estimate":18113231.064950332,"standard_error":1001725.5823158026}}