{"mean":{"confidence_interval":{"confidence_level":0.95,"lower_bound":2204897657.303125,"upper_bound":2434991594.71375},"point_estimate":2319798160.35,"standard_error":59007841.30901634},"median":{"confidence_interval":{"confidence_level":0.95,"lower_bound":2107018589.0,"upper_bound":2461005303.75},"point_estimate":2352992910.0,"standard_error":80430466.9587579},"median_abs_dev":{"confidence_interval":{"confidence_level":0.95,"lower_bound":114174158.5052535,"upper_bound":456653743.14507544},"point_estimate":355811254.4425875,"standard_error":93749774.93289381},"slope":null,"std_dev":{"confidence_interval":{"confidence_level":0.95,"lower_bound":200366666.79495198,"upper_bound":320152346.41233367},"point_estimate":271258020.2247853,"standard_error":30428202.221480384}}