{"mean":{"confidence_interval":{"confidence_level":0.95,"lower_bound":-0.001147917205168858,"upper_bound":0.15003251872831938},"point_estimate":0.07757111741906009,"standard_error":0.038590393015093774},"median":{"confidence_interval":{"confidence_level":0.95,"lower_bound":-0.02941671809180102,"upper_bound":0.25084410401499446},"point_estimate":0.21356281905678154,"standard_error":0.06973913596897213}}