{"mean":{"confidence_interval":{"confidence_level":0.95,"lower_bound":982021349.8,"upper_bound":1163854407.58},"point_estimate":1071896790.875,"standard_error":46405989.822247475},"median":{"confidence_interval":{"confidence_level":0.95,"lower_bound":948047766.0,"upper_bound":1141905982.0},"point_estimate":1038090207.75,"standard_error":54626688.137406655},"median_abs_dev":{"confidence_interval":{"confidence_level":0.95,"lower_bound":82785450.68876445,"upper_bound":311149958.432284},"point_estimate":173594261.3389358,"standard_error":58768378.215050116},"slope":null,"std_dev":{"confidence_interval":{"confidence_level":0.95,"lower_bound":141330744.22785154,"upper_bound":266393944.10109538},"point_estimate":213325219.31585062,"standard_error":31761941.03507621}}