{"mean":{"confidence_interval":{"confidence_level":0.95,"lower_bound":296626386.3375,"upper_bound":384687432.359375},"point_estimate":340711685.55,"standard_error":24337238.4847922},"median":{"confidence_interval":{"confidence_level":0.95,"lower_bound":220386662.25,"upper_bound":439397435.5},"point_estimate":439304473.25,"standard_error":92611289.44613771},"median_abs_dev":{"confidence_interval":{"confidence_level":0.95,"lower_bound":112150.1630589366,"upper_bound":161795223.3285606},"point_estimate":280297.01517373323,"standard_error":59232606.45071156},"slope":null,"std_dev":{"confidence_interval":{"confidence_level":0.95,"lower_bound":97212758.6541083,"upper_bound":112652368.18244734},"point_estimate":111946601.28846835,"standard_error":4947302.311336977}}