{"mean":{"confidence_interval":{"confidence_level":0.95,"lower_bound":1238323755413.3489,"upper_bound":1252735427741.95},"point_estimate":1245685714015.85,"standard_error":3684044484.202789},"median":{"confidence_interval":{"confidence_level":0.95,"lower_bound":1239223079536.0,"upper_bound":1256262755458.5},"point_estimate":1248734554892.5,"standard_error":4358096801.000251},"median_abs_dev":{"confidence_interval":{"confidence_level":0.95,"lower_bound":7276699944.967452,"upper_bound":28672750721.83732},"point_estimate":16049058908.114647,"standard_error":5565154174.631478},"slope":null,"std_dev":{"confidence_interval":{"confidence_level":0.95,"lower_bound":11650385521.124353,"upper_bound":20475427425.07263},"point_estimate":16885671926.647982,"standard_error":2256016946.1840873}}