{"mean":{"confidence_interval":{"confidence_level":0.95,"lower_bound":-0.0069242310983859395,"upper_bound":0.23418546437832677},"point_estimate":0.10700591404381554,"standard_error":0.0615828647019193},"median":{"confidence_interval":{"confidence_level":0.95,"lower_bound":-0.1241762552052319,"upper_bound":0.49125390305170247},"point_estimate":0.14535970678210086,"standard_error":0.19592106867170056}}