{"mean":{"confidence_interval":{"confidence_level":0.95,"lower_bound":43997043.80414395,"upper_bound":44018409.330327764},"point_estimate":44005772.51033651,"standard_error":5700.15213853121},"median":{"confidence_interval":{"confidence_level":0.95,"lower_bound":43999313.80357143,"upper_bound":44000418.73284314},"point_estimate":43999911.21590909,"standard_error":234.51159924286912},"median_abs_dev":{"confidence_interval":{"confidence_level":0.95,"lower_bound":155.42589724432082,"upper_bound":2236.8828590340245},"point_estimate":1342.2588044029026,"standard_error":628.3586687089203},"slope":{"confidence_interval":{"confidence_level":0.95,"lower_bound":43999070.83479717,"upper_bound":44040088.33690765},"point_estimate":44013148.896341465,"standard_error":12213.965309276302},"std_dev":{"confidence_interval":{"confidence_level":0.95,"lower_bound":1139.254221346363,"upper_bound":41444.47214796765},"point_estimate":26223.5788812735,"standard_error":11080.060311344638}}