{"mean":{"confidence_interval":{"confidence_level":0.95,"lower_bound":25638386435.8,"upper_bound":26381552271.256252},"point_estimate":26028111642.7,"standard_error":190394434.98341283},"median":{"confidence_interval":{"confidence_level":0.95,"lower_bound":25798565296.5,"upper_bound":26665256061.5},"point_estimate":26335622832.0,"standard_error":241081040.57797256},"median_abs_dev":{"confidence_interval":{"confidence_level":0.95,"lower_bound":278999931.4521611,"upper_bound":1287339711.3081515},"point_estimate":639347051.5129209,"standard_error":268452874.901498},"slope":null,"std_dev":{"confidence_interval":{"confidence_level":0.95,"lower_bound":558670228.302408,"upper_bound":1063792463.0302036},"point_estimate":870277897.20148,"standard_error":128366784.87729095}}