{"mean":{"confidence_interval":{"confidence_level":0.95,"lower_bound":-0.09963319154845593,"upper_bound":0.059312023532228524},"point_estimate":-0.023382344502453134,"standard_error":0.04084598601396501},"median":{"confidence_interval":{"confidence_level":0.95,"lower_bound":-0.19994550352804252,"upper_bound":0.07008663545121308},"point_estimate":0.0670089432026344,"standard_error":0.0967495131537391}}