{"mean":{"confidence_interval":{"confidence_level":0.95,"lower_bound":178437089.9428125,"upper_bound":204432427.64093748},"point_estimate":191632717.7375,"standard_error":6664700.2169782845},"median":{"confidence_interval":{"confidence_level":0.95,"lower_bound":167694495.25,"upper_bound":216653121.125},"point_estimate":206668011.125,"standard_error":17205943.74865916},"median_abs_dev":{"confidence_interval":{"confidence_level":0.95,"lower_bound":9652809.423903376,"upper_bound":45856122.031816095},"point_estimate":28190549.344492704,"standard_error":11047079.059933636},"slope":null,"std_dev":{"confidence_interval":{"confidence_level":0.95,"lower_bound":24347193.9101132,"upper_bound":33942326.388153225},"point_estimate":30509366.839402106,"standard_error":2450405.306391307}}