{"mean":{"confidence_interval":{"confidence_level":0.95,"lower_bound":7004964187.344999,"upper_bound":7036803273.5575},"point_estimate":7021219291.45,"standard_error":8123414.577337383},"median":{"confidence_interval":{"confidence_level":0.95,"lower_bound":7000011744.0,"upper_bound":7048506369.0},"point_estimate":7028219022.0,"standard_error":12328671.618933486},"median_abs_dev":{"confidence_interval":{"confidence_level":0.95,"lower_bound":18987869.874697924,"upper_bound":63164462.44080663},"point_estimate":41077748.83322418,"standard_error":12325469.71540623},"slope":null,"std_dev":{"confidence_interval":{"confidence_level":0.95,"lower_bound":27612795.444609046,"upper_bound":42898895.159672104},"point_estimate":37272301.12725873,"standard_error":3878550.9244484436}}