{"mean":{"confidence_interval":{"confidence_level":0.95,"lower_bound":441066771.64874995,"upper_bound":441686611.3329166},"point_estimate":441355526.1166667,"standard_error":158629.9893873636},"median":{"confidence_interval":{"confidence_level":0.95,"lower_bound":440864766.9166666,"upper_bound":441697137.5833334},"point_estimate":441094643.5,"standard_error":235236.33522810458},"median_abs_dev":{"confidence_interval":{"confidence_level":0.95,"lower_bound":225857.55029019748,"upper_bound":943133.4871560483},"point_estimate":575302.9046863317,"standard_error":201477.87925825492},"slope":null,"std_dev":{"confidence_interval":{"confidence_level":0.95,"lower_bound":431978.84809740476,"upper_bound":994520.6208724756},"point_estimate":730248.8277345228,"standard_error":155497.94278522427}}