{"mean":{"confidence_interval":{"confidence_level":0.95,"lower_bound":150296209.3178125,"upper_bound":163788176.1771875},"point_estimate":157349961.6,"standard_error":3424078.5522323106},"median":{"confidence_interval":{"confidence_level":0.95,"lower_bound":154506063.25,"upper_bound":162996414.375},"point_estimate":156505267.0,"standard_error":2363190.484637629},"median_abs_dev":{"confidence_interval":{"confidence_level":0.95,"lower_bound":2284376.51071921,"upper_bound":22293447.347912192},"point_estimate":10417507.803527266,"standard_error":5444443.83725038},"slope":null,"std_dev":{"confidence_interval":{"confidence_level":0.95,"lower_bound":9166103.110851986,"upper_bound":21261250.391314164},"point_estimate":15722634.677614246,"standard_error":3249515.465792859}}