{"mean":{"confidence_interval":{"confidence_level":0.95,"lower_bound":126449141.83924998,"upper_bound":128120374.4},"point_estimate":127238762.18000002,"standard_error":427393.1523498816},"median":{"confidence_interval":{"confidence_level":0.95,"lower_bound":126365931.8,"upper_bound":127614285.1},"point_estimate":126798413.0,"standard_error":405862.57274688396},"median_abs_dev":{"confidence_interval":{"confidence_level":0.95,"lower_bound":599889.3048298315,"upper_bound":2795942.0348221194},"point_estimate":1209611.9539850862,"standard_error":515977.06365285814},"slope":null,"std_dev":{"confidence_interval":{"confidence_level":0.95,"lower_bound":1110767.0705614383,"upper_bound":2648562.200751323},"point_estimate":1969709.8919211004,"standard_error":406557.437518373}}