{"mean":{"confidence_interval":{"confidence_level":0.95,"lower_bound":-0.0023731797874982892,"upper_bound":-0.0005222001561241115},"point_estimate":-0.0013706755614737443,"standard_error":0.00047479357935529713},"median":{"confidence_interval":{"confidence_level":0.95,"lower_bound":-0.0023223461034866943,"upper_bound":-0.000029421673465535036},"point_estimate":-0.000993593853857555,"standard_error":0.0006819675962225784}}