{"mean":{"confidence_interval":{"confidence_level":0.95,"lower_bound":191406289.8295,"upper_bound":205235207.76525},"point_estimate":197678918.85000002,"standard_error":3575279.4066663776},"median":{"confidence_interval":{"confidence_level":0.95,"lower_bound":191735938.0,"upper_bound":192198245.7},"point_estimate":191763435.1,"standard_error":485386.9403892236},"median_abs_dev":{"confidence_interval":{"confidence_level":0.95,"lower_bound":33933.74819755554,"upper_bound":5879822.7757322835},"point_estimate":1184988.7853622437,"standard_error":1786183.3673882885},"slope":null,"std_dev":{"confidence_interval":{"confidence_level":0.95,"lower_bound":3986856.2944100755,"upper_bound":21600985.910916947},"point_estimate":16470352.971458789,"standard_error":4009475.5506308097}}