{"mean":{"confidence_interval":{"confidence_level":0.95,"lower_bound":51761763.77097697,"upper_bound":51977234.35177902},"point_estimate":51877965.24316155,"standard_error":55172.6047770562},"median":{"confidence_interval":{"confidence_level":0.95,"lower_bound":51860946.22916667,"upper_bound":52003857.94642857},"point_estimate":51993133.177777775,"standard_error":36617.46663464511},"median_abs_dev":{"confidence_interval":{"confidence_level":0.95,"lower_bound":14673.472603072762,"upper_bound":233523.01507529215},"point_estimate":44337.52286285162,"standard_error":65465.00008400323},"slope":{"confidence_interval":{"confidence_level":0.95,"lower_bound":51684262.08463711,"upper_bound":52001307.518781506},"point_estimate":51861857.2010453,"standard_error":85067.34634909275},"std_dev":{"confidence_interval":{"confidence_level":0.95,"lower_bound":105951.65883585389,"upper_bound":323343.32582840027},"point_estimate":253737.96082151556,"standard_error":51334.02588438049}}