{"mean":{"confidence_interval":{"confidence_level":0.95,"lower_bound":150684611.93825004,"upper_bound":164871233.70800003},"point_estimate":157760257.06,"standard_error":3697265.1803670316},"median":{"confidence_interval":{"confidence_level":0.95,"lower_bound":140589097.7,"upper_bound":175741707.9},"point_estimate":149766584.60000002,"standard_error":12714908.80199173},"median_abs_dev":{"confidence_interval":{"confidence_level":0.95,"lower_bound":32041.357591143355,"upper_bound":19626380.167542074},"point_estimate":13692415.95423105,"standard_error":7444900.070554801},"slope":null,"std_dev":{"confidence_interval":{"confidence_level":0.95,"lower_bound":14325894.59979788,"upper_bound":17702830.454362854},"point_estimate":16977140.39666396,"standard_error":874421.6200999367}}