{"mean":{"confidence_interval":{"confidence_level":0.95,"lower_bound":7402023730.831875,"upper_bound":8722072500.9925},"point_estimate":8063997157.05,"standard_error":338515376.98772365},"median":{"confidence_interval":{"confidence_level":0.95,"lower_bound":7506935791.5,"upper_bound":8671959627.0},"point_estimate":8002995260.0,"standard_error":365667240.7688375},"median_abs_dev":{"confidence_interval":{"confidence_level":0.95,"lower_bound":659581253.8588419,"upper_bound":2560315859.154707},"point_estimate":1441043084.116271,"standard_error":507554977.33077836},"slope":null,"std_dev":{"confidence_interval":{"confidence_level":0.95,"lower_bound":1083450478.793593,"upper_bound":1901733358.9811184},"point_estimate":1563431899.7410216,"standard_error":209784687.08722654}}