{"mean":{"confidence_interval":{"confidence_level":0.95,"lower_bound":373190194.28375,"upper_bound":649206460.0},"point_estimate":484394501.0,"standard_error":73676881.33413698},"median":{"confidence_interval":{"confidence_level":0.95,"lower_bound":371996967.5,"upper_bound":379971134.0},"point_estimate":375991851.0,"standard_error":3385436.2749315575},"median_abs_dev":{"confidence_interval":{"confidence_level":0.95,"lower_bound":2966431.246635318,"upper_bound":17779209.15685594},"point_estimate":8858682.36142695,"standard_error":5576092.170882115},"slope":null,"std_dev":{"confidence_interval":{"confidence_level":0.95,"lower_bound":6992514.704699495,"upper_bound":487904219.0666725},"point_estimate":337867247.0982102,"standard_error":131169729.54301359}}