{"mean":{"confidence_interval":{"confidence_level":0.95,"lower_bound":185402783.92499998,"upper_bound":202799788.5220833},"point_estimate":194132229.43333334,"standard_error":4426556.984732769},"median":{"confidence_interval":{"confidence_level":0.95,"lower_bound":178673287.6666667,"upper_bound":207999683.16666666},"point_estimate":194667258.16666666,"standard_error":7675704.336798974},"median_abs_dev":{"confidence_interval":{"confidence_level":0.95,"lower_bound":10902120.006048694,"upper_bound":31623189.033076197},"point_estimate":24717568.975475416,"standard_error":5303671.013790348},"slope":null,"std_dev":{"confidence_interval":{"confidence_level":0.95,"lower_bound":14797642.454745976,"upper_bound":24623355.16784426},"point_estimate":20357472.13632743,"standard_error":2530589.0645723026}}