{"mean":{"confidence_interval":{"confidence_level":0.95,"lower_bound":87996193.45978194,"upper_bound":88001232.64095898},"point_estimate":87998988.05908407,"standard_error":1291.0416314179888},"median":{"confidence_interval":{"confidence_level":0.95,"lower_bound":87999145.76666667,"upper_bound":88000035.04411764},"point_estimate":87999859.6,"standard_error":244.15528129832333},"median_abs_dev":{"confidence_interval":{"confidence_level":0.95,"lower_bound":206.10025395807224,"upper_bound":3090.758194218447},"point_estimate":1683.89998510259,"standard_error":878.6980805447715},"slope":{"confidence_interval":{"confidence_level":0.95,"lower_bound":87999149.13870144,"upper_bound":88000664.07666528},"point_estimate":87999892.95783973,"standard_error":378.7461129888065},"std_dev":{"confidence_interval":{"confidence_level":0.95,"lower_bound":1920.820465384391,"upper_bound":9009.067448631176},"point_estimate":5930.306095744767,"standard_error":1951.200917078281}}