{"mean":{"confidence_interval":{"confidence_level":0.95,"lower_bound":-0.006284428883163714,"upper_bound":-0.000495702631678216},"point_estimate":-0.002847139507153984,"standard_error":0.0015235021312922517},"median":{"confidence_interval":{"confidence_level":0.95,"lower_bound":-0.0031564504516270464,"upper_bound":0.00003161699111053906},"point_estimate":-0.0003710868687887281,"standard_error":0.0009589204836857232}}