{"mean":{"confidence_interval":{"confidence_level":0.95,"lower_bound":1752604437.4599998,"upper_bound":1756996301.4275},"point_estimate":1754752551.425,"standard_error":1115861.8924311148},"median":{"confidence_interval":{"confidence_level":0.95,"lower_bound":1753364911.25,"upper_bound":1756462152.75},"point_estimate":1754265654.75,"standard_error":857244.5702797624},"median_abs_dev":{"confidence_interval":{"confidence_level":0.95,"lower_bound":1398889.7846147418,"upper_bound":6449956.299090385},"point_estimate":3256527.876985073,"standard_error":1296682.6836683948},"slope":null,"std_dev":{"confidence_interval":{"confidence_level":0.95,"lower_bound":3024143.5912229223,"upper_bound":6694281.657567616},"point_estimate":5126445.584024338,"standard_error":943603.5154554949}}