{"mean":{"confidence_interval":{"confidence_level":0.95,"lower_bound":-0.07072062852312187,"upper_bound":0.2200489764898696},"point_estimate":0.047076132438309326,"standard_error":0.07409905603599215},"median":{"confidence_interval":{"confidence_level":0.95,"lower_bound":-0.064797615687055,"upper_bound":0.1177660540346317},"point_estimate":0.03750493903130514,"standard_error":0.04784233810330037}}