{"mean":{"confidence_interval":{"confidence_level":0.95,"lower_bound":1645615191.9081252,"upper_bound":1679248732.9437501},"point_estimate":1663738471.35,"standard_error":8649711.945664406},"median":{"confidence_interval":{"confidence_level":0.95,"lower_bound":1662281218.0,"upper_bound":1685010597.75},"point_estimate":1673875854.5,"standard_error":7649572.33019717},"median_abs_dev":{"confidence_interval":{"confidence_level":0.95,"lower_bound":9550756.32264018,"upper_bound":44301396.34929299},"point_estimate":20758270.672667027,"standard_error":8788403.010168746},"slope":null,"std_dev":{"confidence_interval":{"confidence_level":0.95,"lower_bound":19861866.686752815,"upper_bound":53385842.298363924},"point_estimate":39706471.809135094,"standard_error":8668957.933006145}}