{"mean":{"confidence_interval":{"confidence_level":0.95,"lower_bound":125699342.88374999,"upper_bound":130762518.62104164},"point_estimate":128232059.875,"standard_error":1293046.9250312606},"median":{"confidence_interval":{"confidence_level":0.95,"lower_bound":126332086.33333334,"upper_bound":130664954.58333334},"point_estimate":128324393.0,"standard_error":1239712.623669071},"median_abs_dev":{"confidence_interval":{"confidence_level":0.95,"lower_bound":1983300.053839378,"upper_bound":9403890.092797592},"point_estimate":3953720.7617074214,"standard_error":1812897.7993035193},"slope":null,"std_dev":{"confidence_interval":{"confidence_level":0.95,"lower_bound":3869563.4483708995,"upper_bound":7385603.145437218},"point_estimate":5931457.291169097,"standard_error":897510.3623814342}}