{"mean":{"confidence_interval":{"confidence_level":0.95,"lower_bound":29.67559514198105,"upper_bound":29.692021889355505},"point_estimate":29.683781227340155,"standard_error":0.004184360748940471},"median":{"confidence_interval":{"confidence_level":0.95,"lower_bound":29.67130684055376,"upper_bound":29.69855980668323},"point_estimate":29.68359320631491,"standard_error":0.006518865177211035},"median_abs_dev":{"confidence_interval":{"confidence_level":0.95,"lower_bound":0.021755938052447063,"upper_bound":0.04333743540674588},"point_estimate":0.030439457700972766,"standard_error":0.005419622379121245},"slope":{"confidence_interval":{"confidence_level":0.95,"lower_bound":29.670058577245587,"upper_bound":29.686813428541882},"point_estimate":29.678471580115914,"standard_error":0.004236420744167272},"std_dev":{"confidence_interval":{"confidence_level":0.95,"lower_bound":0.024394828955964922,"upper_bound":0.03479687476706068},"point_estimate":0.02993716144461631,"standard_error":0.0026825552205756264}}