{"mean":{"confidence_interval":{"confidence_level":0.95,"lower_bound":3800001269.158125,"upper_bound":4412500825.798749},"point_estimate":4105898672.85,"standard_error":156278876.02473062},"median":{"confidence_interval":{"confidence_level":0.95,"lower_bound":3828985363.25,"upper_bound":4404993657.0},"point_estimate":4283995881.5,"standard_error":178493021.27739033},"median_abs_dev":{"confidence_interval":{"confidence_level":0.95,"lower_bound":280187144.5081338,"upper_bound":985918324.4557009},"point_estimate":561994230.750458,"standard_error":174698814.33881012},"slope":null,"std_dev":{"confidence_interval":{"confidence_level":0.95,"lower_bound":450851366.89888334,"upper_bound":928047766.7795157},"point_estimate":717531935.0772432,"standard_error":122116218.52220419}}