{"mean":{"confidence_interval":{"confidence_level":0.95,"lower_bound":3047173.146101569,"upper_bound":3266665.9194341893},"point_estimate":3156829.1514280387,"standard_error":56219.005854309966},"median":{"confidence_interval":{"confidence_level":0.95,"lower_bound":2934435.210778985,"upper_bound":3390622.3358695656},"point_estimate":3110873.481529912,"standard_error":140174.81307533046},"median_abs_dev":{"confidence_interval":{"confidence_level":0.95,"lower_bound":84151.81047339787,"upper_bound":412508.1088786151},"point_estimate":381833.3631993637,"standard_error":94054.21447708386},"slope":{"confidence_interval":{"confidence_level":0.95,"lower_bound":2973516.006810232,"upper_bound":3201788.0871656453},"point_estimate":3083295.866929253,"standard_error":58861.07886843837},"std_dev":{"confidence_interval":{"confidence_level":0.95,"lower_bound":210472.3141967441,"upper_bound":288144.02621779015},"point_estimate":259408.47581923875,"standard_error":19896.774759720538}}