{"mean":{"confidence_interval":{"confidence_level":0.95,"lower_bound":66987580.618935004,"upper_bound":83167638.81497137},"point_estimate":76760709.23488434,"standard_error":4283673.938940602},"median":{"confidence_interval":{"confidence_level":0.95,"lower_bound":78820611.47222222,"upper_bound":85249261.475},"point_estimate":82249314.30416667,"standard_error":1591538.1733310937},"median_abs_dev":{"confidence_interval":{"confidence_level":0.95,"lower_bound":1779540.9327187617,"upper_bound":11166916.818017855},"point_estimate":7484993.255189806,"standard_error":2194187.025123393},"slope":{"confidence_interval":{"confidence_level":0.95,"lower_bound":81560437.32708529,"upper_bound":84738694.71564278},"point_estimate":83235112.44041812,"standard_error":805176.1451686615},"std_dev":{"confidence_interval":{"confidence_level":0.95,"lower_bound":4220572.176489735,"upper_bound":30895093.961746614},"point_estimate":19593893.646634262,"standard_error":8225000.689525554}}