{"mean":{"confidence_interval":{"confidence_level":0.95,"lower_bound":-0.13599163116892787,"upper_bound":0.12954132227722878},"point_estimate":0.011481857739031875,"standard_error":0.06758647233827082},"median":{"confidence_interval":{"confidence_level":0.95,"lower_bound":0.10350131136704088,"upper_bound":0.2527565107434382},"point_estimate":0.18625042160694272,"standard_error":0.05119101148053034}}