{"mean":{"confidence_interval":{"confidence_level":0.95,"lower_bound":37790227.95525,"upper_bound":46469238.508},"point_estimate":41776981.74,"standard_error":2214620.802401756},"median":{"confidence_interval":{"confidence_level":0.95,"lower_bound":31984764.0,"upper_bound":35583619.0},"point_estimate":33283051.5,"standard_error":990951.0664790284},"median_abs_dev":{"confidence_interval":{"confidence_level":0.95,"lower_bound":3989759.5547676086,"upper_bound":8699592.712551355},"point_estimate":5566073.931482434,"standard_error":1333760.3389088227},"slope":null,"std_dev":{"confidence_interval":{"confidence_level":0.95,"lower_bound":13442245.365987584,"upper_bound":30237330.999462094},"point_estimate":22233307.30495058,"standard_error":4339864.451255878}}