{"mean":{"confidence_interval":{"confidence_level":0.95,"lower_bound":-0.07002088611805726,"upper_bound":0.433822134432562},"point_estimate":0.15320055791539677,"standard_error":0.12691473788695534},"median":{"confidence_interval":{"confidence_level":0.95,"lower_bound":-0.009527656084848513,"upper_bound":1.002404003934028},"point_estimate":0.5008529946261213,"standard_error":0.46942764120660624}}