{"mean":{"confidence_interval":{"confidence_level":0.95,"lower_bound":1417276264.65,"upper_bound":1496488229.480625},"point_estimate":1459647448.975,"standard_error":20244371.555915836},"median":{"confidence_interval":{"confidence_level":0.95,"lower_bound":1431819361.5,"upper_bound":1521520381.25},"point_estimate":1462682906.5,"standard_error":25006873.006509908},"median_abs_dev":{"confidence_interval":{"confidence_level":0.95,"lower_bound":39192000.27470291,"upper_bound":124469318.26712787},"point_estimate":88765132.20660388,"standard_error":21634912.775559437},"slope":null,"std_dev":{"confidence_interval":{"confidence_level":0.95,"lower_bound":53202332.36395474,"upper_bound":129935532.53596699},"point_estimate":93124194.06998341,"standard_error":21536463.912116878}}