{"mean":{"confidence_interval":{"confidence_level":0.95,"lower_bound":-0.00022312448311601063,"upper_bound":0.00009266175265900106},"point_estimate":-0.000044933977856764784,"standard_error":0.00008183366257038685},"median":{"confidence_interval":{"confidence_level":0.95,"lower_bound":-0.00009967231407903565,"upper_bound":0.00008053960799681015},"point_estimate":0.000023022997623689534,"standard_error":0.00004737213236228512}}