{"mean":{"confidence_interval":{"confidence_level":0.95,"lower_bound":654076388.288472,"upper_bound":677350697.7056758},"point_estimate":665573734.0482302,"standard_error":5953763.293096101},"median":{"confidence_interval":{"confidence_level":0.95,"lower_bound":653604893.3307693,"upper_bound":680031223.3125},"point_estimate":665109116.0784314,"standard_error":7136043.685998146},"median_abs_dev":{"confidence_interval":{"confidence_level":0.95,"lower_bound":12381162.295765312,"upper_bound":46896827.83181453},"point_estimate":29104808.045900013,"standard_error":9122764.109849326},"slope":{"confidence_interval":{"confidence_level":0.95,"lower_bound":658082238.9210756,"upper_bound":687834998.5368658},"point_estimate":673856398.8324041,"standard_error":7580350.69255613},"std_dev":{"confidence_interval":{"confidence_level":0.95,"lower_bound":19412751.987262323,"upper_bound":32869571.086039472},"point_estimate":27249258.07149886,"standard_error":3429501.3394908654}}