{"mean":{"confidence_interval":{"confidence_level":0.95,"lower_bound":-0.13324181553944348,"upper_bound":0.07460021733868859},"point_estimate":-0.03827732133626893,"standard_error":0.05302272447486805},"median":{"confidence_interval":{"confidence_level":0.95,"lower_bound":-0.24994451724877398,"upper_bound":0.18372338122389897},"point_estimate":-0.24967176223010812,"standard_error":0.1338704438021773}}