{"mean":{"confidence_interval":{"confidence_level":0.95,"lower_bound":76559712.79370081,"upper_bound":85045257.13028648},"point_estimate":81563784.27964199,"standard_error":2202628.298274917},"median":{"confidence_interval":{"confidence_level":0.95,"lower_bound":81025933.13141026,"upper_bound":87787398.0},"point_estimate":83424572.24605264,"standard_error":2140291.5918246172},"median_abs_dev":{"confidence_interval":{"confidence_level":0.95,"lower_bound":211046.1972845569,"upper_bound":9178824.268543294},"point_estimate":6468325.347966629,"standard_error":2739024.020124581},"slope":{"confidence_interval":{"confidence_level":0.95,"lower_bound":82259781.87161872,"upper_bound":85572781.73426573},"point_estimate":83974802.215331,"standard_error":844923.1548822959},"std_dev":{"confidence_interval":{"confidence_level":0.95,"lower_bound":3571482.6623601355,"upper_bound":15646489.367426444},"point_estimate":10113868.874410741,"standard_error":3761513.920987363}}