{"mean":{"confidence_interval":{"confidence_level":0.95,"lower_bound":0.021992345108272957,"upper_bound":0.2823172076910885},"point_estimate":0.14319819354793428,"standard_error":0.06615175950863067},"median":{"confidence_interval":{"confidence_level":0.95,"lower_bound":-0.03924175658067197,"upper_bound":0.5019595325394852},"point_estimate":0.5013408680982456,"standard_error":0.1953158829798521}}