{"mean":{"confidence_interval":{"confidence_level":0.95,"lower_bound":228642502.3,"upper_bound":232972660.025},"point_estimate":230840542.55,"standard_error":1102597.5111590445},"median":{"confidence_interval":{"confidence_level":0.95,"lower_bound":229235445.75,"upper_bound":233081544.75},"point_estimate":230055366.25,"standard_error":1004361.749911693},"median_abs_dev":{"confidence_interval":{"confidence_level":0.95,"lower_bound":1250517.8509488702,"upper_bound":7365571.86588496},"point_estimate":3039366.2697404623,"standard_error":1709401.2325624612},"slope":null,"std_dev":{"confidence_interval":{"confidence_level":0.95,"lower_bound":3156341.741440225,"upper_bound":6551821.282762622},"point_estimate":5048678.321797933,"standard_error":878689.6356654625}}