{"mean":{"confidence_interval":{"confidence_level":0.95,"lower_bound":-0.00006731233533722174,"upper_bound":0.00042271035091718807},"point_estimate":0.000127960484028522,"standard_error":0.00012575873639841294},"median":{"confidence_interval":{"confidence_level":0.95,"lower_bound":-0.000023851084624770813,"upper_bound":0.000059964126659650674},"point_estimate":0.000011005523457896516,"standard_error":0.000022275487245314733}}