{"mean":{"confidence_interval":{"confidence_level":0.95,"lower_bound":0.026037572023808016,"upper_bound":0.3281300907598016},"point_estimate":0.13850855064157153,"standard_error":0.07858445263449755},"median":{"confidence_interval":{"confidence_level":0.95,"lower_bound":0.014695505251169694,"upper_bound":0.09188543401626004},"point_estimate":0.04797739269675905,"standard_error":0.02050355410322554}}