{"mean":{"confidence_interval":{"confidence_level":0.95,"lower_bound":-0.05196228091234683,"upper_bound":0.23114563927078272},"point_estimate":0.05983354268137675,"standard_error":0.07250022131341005},"median":{"confidence_interval":{"confidence_level":0.95,"lower_bound":-0.044644880243136176,"upper_bound":0.038196838340631256},"point_estimate":-0.009202048679987529,"standard_error":0.02630403666690792}}