{"mean":{"confidence_interval":{"confidence_level":0.95,"lower_bound":-0.12365104384393433,"upper_bound":0.09592218908341987},"point_estimate":-0.005873559390014216,"standard_error":0.05639884617100912},"median":{"confidence_interval":{"confidence_level":0.95,"lower_bound":-0.08248098817516814,"upper_bound":0.21280941200329995},"point_estimate":0.17172446931620966,"standard_error":0.08570008818412819}}