{"mean":{"confidence_interval":{"confidence_level":0.95,"lower_bound":1871433551.743125,"upper_bound":2192996709.665625},"point_estimate":2033197598.575,"standard_error":82204635.57943901},"median":{"confidence_interval":{"confidence_level":0.95,"lower_bound":1910928270.5,"upper_bound":2177992547.25},"point_estimate":2040994584.0,"standard_error":65445119.06472606},"median_abs_dev":{"confidence_interval":{"confidence_level":0.95,"lower_bound":90518054.2628333,"upper_bound":579592515.6379759},"point_estimate":308472788.37091327,"standard_error":131223505.26492506},"slope":null,"std_dev":{"confidence_interval":{"confidence_level":0.95,"lower_bound":252181965.09152588,"upper_bound":462893809.3678781},"point_estimate":376170037.1370912,"standard_error":53886040.11586762}}