{"mean":{"confidence_interval":{"confidence_level":0.95,"lower_bound":87990090.66958466,"upper_bound":88001821.1764535},"point_estimate":87997056.84472027,"standard_error":3071.446057576329},"median":{"confidence_interval":{"confidence_level":0.95,"lower_bound":87999007.54511279,"upper_bound":88000934.4},"point_estimate":87999916.77777778,"standard_error":519.5737905924314},"median_abs_dev":{"confidence_interval":{"confidence_level":0.95,"lower_bound":866.0431341343084,"upper_bound":3709.650459140539},"point_estimate":1768.9641585923991,"standard_error":813.0817721033467},"slope":{"confidence_interval":{"confidence_level":0.95,"lower_bound":87999160.4823418,"upper_bound":88000917.98593998},"point_estimate":88000033.76480836,"standard_error":443.59620495726347},"std_dev":{"confidence_interval":{"confidence_level":0.95,"lower_bound":2312.043128878365,"upper_bound":21966.255383969277},"point_estimate":14083.656368508857,"standard_error":5638.194902200724}}