{"mean":{"confidence_interval":{"confidence_level":0.95,"lower_bound":906354.5184334331,"upper_bound":1015800.0676272582},"point_estimate":959131.4620150188,"standard_error":27931.92964032968},"median":{"confidence_interval":{"confidence_level":0.95,"lower_bound":883932.9490928883,"upper_bound":1014809.1889937108},"point_estimate":930754.7358490566,"standard_error":33402.900933799094},"median_abs_dev":{"confidence_interval":{"confidence_level":0.95,"lower_bound":42505.616740657424,"upper_bound":194566.100124535},"point_estimate":93271.73147535366,"standard_error":39874.96248278171},"slope":{"confidence_interval":{"confidence_level":0.95,"lower_bound":953100.3509076028,"upper_bound":1106955.200120717},"point_estimate":1035914.4700052594,"standard_error":39523.273522511496},"std_dev":{"confidence_interval":{"confidence_level":0.95,"lower_bound":84605.15843394394,"upper_bound":157638.43302591788},"point_estimate":128032.70905311042,"standard_error":18645.83118171288}}