{"mean":{"confidence_interval":{"confidence_level":0.95,"lower_bound":0.09638351510656008,"upper_bound":0.5559691989611996},"point_estimate":0.29664423250809446,"standard_error":0.11773116482755056},"median":{"confidence_interval":{"confidence_level":0.95,"lower_bound":-0.1127403694642517,"upper_bound":0.9682671934622697},"point_estimate":0.8606420651247539,"standard_error":0.32320026776371097}}