{"mean":{"confidence_interval":{"confidence_level":0.95,"lower_bound":-0.05579185718519159,"upper_bound":0.10573168754058514},"point_estimate":0.026655046136686122,"standard_error":0.041082989664298436},"median":{"confidence_interval":{"confidence_level":0.95,"lower_bound":-0.07021699481646981,"upper_bound":0.24332465954422622},"point_estimate":0.17592068999554278,"standard_error":0.10374338816083996}}