{"mean":{"confidence_interval":{"confidence_level":0.95,"lower_bound":1412727523.6765625,"upper_bound":1607435733.180625},"point_estimate":1511736848.3125,"standard_error":49731335.32885042},"median":{"confidence_interval":{"confidence_level":0.95,"lower_bound":1436670109.25,"upper_bound":1583667620.625},"point_estimate":1541201374.5,"standard_error":37965197.66580667},"median_abs_dev":{"confidence_interval":{"confidence_level":0.95,"lower_bound":31069577.24552974,"upper_bound":409868520.5584042},"point_estimate":262450044.7117053,"standard_error":105043073.0337208},"slope":null,"std_dev":{"confidence_interval":{"confidence_level":0.95,"lower_bound":158533139.26003218,"upper_bound":273815573.977519},"point_estimate":227912683.25743777,"standard_error":29280226.87858242}}