{"mean":{"confidence_interval":{"confidence_level":0.95,"lower_bound":6351791601.15,"upper_bound":6587139588.11625},"point_estimate":6473026531.5,"standard_error":60094151.58702411},"median":{"confidence_interval":{"confidence_level":0.95,"lower_bound":6319223984.5,"upper_bound":6699791979.5},"point_estimate":6500898313.0,"standard_error":102101352.1495505},"median_abs_dev":{"confidence_interval":{"confidence_level":0.95,"lower_bound":148288961.44094467,"upper_bound":444678355.4275811},"point_estimate":352764143.07058454,"standard_error":74740949.98379155},"slope":null,"std_dev":{"confidence_interval":{"confidence_level":0.95,"lower_bound":200515024.34093007,"upper_bound":329422429.42681575},"point_estimate":275512035.66118467,"standard_error":33071138.114538547}}