{"mean":{"confidence_interval":{"confidence_level":0.95,"lower_bound":3649617.1394728795,"upper_bound":3667508.9274923415},"point_estimate":3659943.280489035,"standard_error":4626.341455980494},"median":{"confidence_interval":{"confidence_level":0.95,"lower_bound":3661787.4683673466,"upper_bound":3668674.8375},"point_estimate":3664834.854017857,"standard_error":2327.3606651899195},"median_abs_dev":{"confidence_interval":{"confidence_level":0.95,"lower_bound":3905.8768706254396,"upper_bound":15688.391454690101},"point_estimate":7359.4782299683375,"standard_error":3139.217762060296},"slope":{"confidence_interval":{"confidence_level":0.95,"lower_bound":3643691.9721272592,"upper_bound":3664956.3426581584},"point_estimate":3655945.32599552,"standard_error":5469.533137976711},"std_dev":{"confidence_interval":{"confidence_level":0.95,"lower_bound":7350.6973206526,"upper_bound":32282.98911043309},"point_estimate":21213.081330022796,"standard_error":7331.578620466486}}