{"mean":{"confidence_interval":{"confidence_level":0.95,"lower_bound":0.4007328133187336,"upper_bound":3.6149482251061364},"point_estimate":1.206824748732418,"standard_error":164.44720279020638},"median":{"confidence_interval":{"confidence_level":0.95,"lower_bound":-0.013527337989552968,"upper_bound":40388.669046231546},"point_estimate":31715.199102329017,"standard_error":14582.104381004343}}