{"mean":{"confidence_interval":{"confidence_level":0.95,"lower_bound":-0.0000213739474136082,"upper_bound":0.00015060734241460465},"point_estimate":0.00005034309792861791,"standard_error":0.000043996442164593626},"median":{"confidence_interval":{"confidence_level":0.95,"lower_bound":-0.000030387867878789443,"upper_bound":0.00003404311446630892},"point_estimate":-9.78674293050652e-6,"standard_error":0.000015418615103923874}}