{"mean":{"confidence_interval":{"confidence_level":0.95,"lower_bound":726381491.5295,"upper_bound":909968901.9549999},"point_estimate":812643717.36,"standard_error":46766184.34983618},"median":{"confidence_interval":{"confidence_level":0.95,"lower_bound":579009651.0,"upper_bound":658409366.0},"point_estimate":618541108.0,"standard_error":20875160.306357596},"median_abs_dev":{"confidence_interval":{"confidence_level":0.95,"lower_bound":97341233.23694766,"upper_bound":210653215.75015783},"point_estimate":154804827.46316493,"standard_error":29209888.48258034},"slope":null,"std_dev":{"confidence_interval":{"confidence_level":0.95,"lower_bound":336025654.12747496,"upper_bound":579461537.2213618},"point_estimate":468139872.779604,"standard_error":62120925.0853097}}