{"mean":{"confidence_interval":{"confidence_level":0.95,"lower_bound":-0.00001717596491292711,"upper_bound":0.0005841936622344889},"point_estimate":0.00023200759052954822,"standard_error":0.0001566902743534086},"median":{"confidence_interval":{"confidence_level":0.95,"lower_bound":-0.00001049596068447567,"upper_bound":0.000011984429739264613},"point_estimate":-9.898616019077267e-7,"standard_error":4.742400234279272e-6}}