{"mean":{"confidence_interval":{"confidence_level":0.95,"lower_bound":-0.0005944653508409031,"upper_bound":0.000016573134056252375},"point_estimate":-0.00023960486736029907,"standard_error":0.0001592586631315441},"median":{"confidence_interval":{"confidence_level":0.95,"lower_bound":-0.000010911966341953239,"upper_bound":7.48340312450857e-6},"point_estimate":1.044762544255562e-6,"standard_error":5.6075695596745445e-6}}