{"mean":{"confidence_interval":{"confidence_level":0.95,"lower_bound":151594506.20375,"upper_bound":166638375.91024995},"point_estimate":159196855.45,"standard_error":3889620.562461672},"median":{"confidence_interval":{"confidence_level":0.95,"lower_bound":140552332.60000002,"upper_bound":175771052.4},"point_estimate":163729628.39999998,"standard_error":14417298.055167766},"median_abs_dev":{"confidence_interval":{"confidence_level":0.95,"lower_bound":30350.60058121773,"upper_bound":26120344.60025918},"point_estimate":22560150.92283729,"standard_error":8316789.406744891},"slope":null,"std_dev":{"confidence_interval":{"confidence_level":0.95,"lower_bound":15358783.935138594,"upper_bound":18453435.31932245},"point_estimate":17849142.60072138,"standard_error":810015.1487142063}}