{"mean":{"confidence_interval":{"confidence_level":0.95,"lower_bound":1750118.5043815908,"upper_bound":1777846.2547312141},"point_estimate":1764368.282233707,"standard_error":7109.75602086309},"median":{"confidence_interval":{"confidence_level":0.95,"lower_bound":1739423.518494152,"upper_bound":1784498.1651785714},"point_estimate":1775636.2264957265,"standard_error":11454.644296063598},"median_abs_dev":{"confidence_interval":{"confidence_level":0.95,"lower_bound":12914.127665404207,"upper_bound":49074.72367799199},"point_estimate":33870.36071278349,"standard_error":9696.462004755338},"slope":{"confidence_interval":{"confidence_level":0.95,"lower_bound":1729469.068179381,"upper_bound":1772387.0804389007},"point_estimate":1749729.0515582657,"standard_error":11041.029513266298},"std_dev":{"confidence_interval":{"confidence_level":0.95,"lower_bound":22471.995302771003,"upper_bound":40864.3849100964},"point_estimate":32718.87997053586,"standard_error":4805.41075085049}}