{"mean":{"confidence_interval":{"confidence_level":0.95,"lower_bound":309897508.39375,"upper_bound":355898173.173125},"point_estimate":334297649.675,"standard_error":11744549.461242154},"median":{"confidence_interval":{"confidence_level":0.95,"lower_bound":309994659.25,"upper_bound":364982120.0},"point_estimate":331983556.25,"standard_error":13121792.147412483},"median_abs_dev":{"confidence_interval":{"confidence_level":0.95,"lower_bound":17802364.403244853,"upper_bound":63800674.6295616},"point_estimate":44458590.123452246,"standard_error":11384905.303149622},"slope":null,"std_dev":{"confidence_interval":{"confidence_level":0.95,"lower_bound":29413751.505872775,"upper_bound":76104522.94571438},"point_estimate":53840977.38826551,"standard_error":12935212.287794884}}