{"mean":{"confidence_interval":{"confidence_level":0.95,"lower_bound":110.61472611524464,"upper_bound":110.82393847990939},"point_estimate":110.7119753497179,"standard_error":0.053636421323785544},"median":{"confidence_interval":{"confidence_level":0.95,"lower_bound":110.56425625038979,"upper_bound":110.76983557575412},"point_estimate":110.65642189522268,"standard_error":0.05373434792997869},"median_abs_dev":{"confidence_interval":{"confidence_level":0.95,"lower_bound":0.08673881772914535,"upper_bound":0.3108348861207606},"point_estimate":0.1790294146959447,"standard_error":0.057698319900390614},"slope":{"confidence_interval":{"confidence_level":0.95,"lower_bound":110.64600368321791,"upper_bound":110.80600693274982},"point_estimate":110.71377796961113,"standard_error":0.04098344595963126},"std_dev":{"confidence_interval":{"confidence_level":0.95,"lower_bound":0.13666280993294322,"upper_bound":0.32487884903334985},"point_estimate":0.245302459257953,"standard_error":0.049139139816041434}}