{"mean":{"confidence_interval":{"confidence_level":0.95,"lower_bound":-0.013368694874694526,"upper_bound":0.23208939034507317},"point_estimate":0.07472592248601129,"standard_error":0.06474566115218883},"median":{"confidence_interval":{"confidence_level":0.95,"lower_bound":-0.03909712146421307,"upper_bound":0.07008603188425555},"point_estimate":0.022037648818276967,"standard_error":0.02964653505533712}}