{"mean":{"confidence_interval":{"confidence_level":0.95,"lower_bound":132677412.88499998,"upper_bound":153838001.59425},"point_estimate":143240726.06,"standard_error":5419520.262497549},"median":{"confidence_interval":{"confidence_level":0.95,"lower_bound":122942508.5,"upper_bound":166968326.0},"point_estimate":136143685.7,"standard_error":13265477.06961718},"median_abs_dev":{"confidence_interval":{"confidence_level":0.95,"lower_bound":13008859.52986658,"upper_bound":39156138.701759584},"point_estimate":32601725.228483662,"standard_error":8973512.939219106},"slope":null,"std_dev":{"confidence_interval":{"confidence_level":0.95,"lower_bound":19851925.39710668,"upper_bound":27742389.984621886},"point_estimate":24788317.75942608,"standard_error":2015074.876535166}}