{"mean":{"confidence_interval":{"confidence_level":0.95,"lower_bound":2900496855.1262503,"upper_bound":3048052815.65625},"point_estimate":2973512938.15,"standard_error":37671015.40277349},"median":{"confidence_interval":{"confidence_level":0.95,"lower_bound":2912541139.5,"upper_bound":3032575459.0},"point_estimate":2953372822.0,"standard_error":29482638.698549468},"median_abs_dev":{"confidence_interval":{"confidence_level":0.95,"lower_bound":44434415.96023142,"upper_bound":316499489.00071084},"point_estimate":125459409.64905024,"standard_error":70536810.11105794},"slope":null,"std_dev":{"confidence_interval":{"confidence_level":0.95,"lower_bound":118173509.2242974,"upper_bound":210412274.44070944},"point_estimate":173162212.2242329,"standard_error":23467557.011995997}}