{"mean":{"confidence_interval":{"confidence_level":0.95,"lower_bound":6826343.5696250005,"upper_bound":8645458.847875},"point_estimate":7675722.475,"standard_error":466086.9752862111},"median":{"confidence_interval":{"confidence_level":0.95,"lower_bound":5437362.0,"upper_bound":6293072.5},"point_estimate":5663596.625,"standard_error":243421.40162937593},"median_abs_dev":{"confidence_interval":{"confidence_level":0.95,"lower_bound":794191.7409002781,"upper_bound":1875601.273651421},"point_estimate":1173778.2909862697,"standard_error":295787.8197495492},"slope":null,"std_dev":{"confidence_interval":{"confidence_level":0.95,"lower_bound":3101895.191302691,"upper_bound":6007611.091641127},"point_estimate":4676372.214299549,"standard_error":742426.5698522412}}