{"mean":{"confidence_interval":{"confidence_level":0.95,"lower_bound":140468409.93437502,"upper_bound":158087159.8171875},"point_estimate":149276716.2625,"standard_error":4825063.776885597},"median":{"confidence_interval":{"confidence_level":0.95,"lower_bound":131664436.125,"upper_bound":175668926.0},"point_estimate":131712074.625,"standard_error":15398552.00638652},"median_abs_dev":{"confidence_interval":{"confidence_level":0.95,"lower_bound":38666.2073135376,"upper_bound":32629926.22589551},"point_estimate":117993.64553019404,"standard_error":10394791.493956761},"slope":null,"std_dev":{"confidence_interval":{"confidence_level":0.95,"lower_bound":18059709.453690283,"upper_bound":22584077.007952224},"point_estimate":22122597.652597144,"standard_error":1362199.2967600548}}