{"mean":{"confidence_interval":{"confidence_level":0.95,"lower_bound":-0.18529445694846594,"upper_bound":0.10314863606727107},"point_estimate":-0.0586225244688664,"standard_error":0.07336216620038877},"median":{"confidence_interval":{"confidence_level":0.95,"lower_bound":-0.33334750368101695,"upper_bound":0.0006323717974370258},"point_estimate":-0.3332120029172707,"standard_error":0.15932482225936306}}