{"mean":{"confidence_interval":{"confidence_level":0.95,"lower_bound":-0.04669787622152014,"upper_bound":0.14167346906834702},"point_estimate":0.04453426826118223,"standard_error":0.048339143181543934},"median":{"confidence_interval":{"confidence_level":0.95,"lower_bound":-0.05093436966639597,"upper_bound":0.33741706411916095},"point_estimate":0.002207849453013777,"standard_error":0.1410966600379623}}