{"mean":{"confidence_interval":{"confidence_level":0.95,"lower_bound":87996408.89161108,"upper_bound":88015847.17149162},"point_estimate":88004263.75875884,"standard_error":5125.916488262485},"median":{"confidence_interval":{"confidence_level":0.95,"lower_bound":87996389.1,"upper_bound":88001421.85389611},"point_estimate":87999065.83815789,"standard_error":1540.2015976377104},"median_abs_dev":{"confidence_interval":{"confidence_level":0.95,"lower_bound":2602.1327872374573,"upper_bound":15926.644892245531},"point_estimate":5945.401110810261,"standard_error":3712.0053801623994},"slope":{"confidence_interval":{"confidence_level":0.95,"lower_bound":87997848.62364502,"upper_bound":88002195.89070691},"point_estimate":87999853.45609756,"standard_error":1104.898510721065},"std_dev":{"confidence_interval":{"confidence_level":0.95,"lower_bound":6681.698616993652,"upper_bound":37266.25446835749},"point_estimate":23613.717568644952,"standard_error":9538.135212561681}}