{"mean":{"confidence_interval":{"confidence_level":0.95,"lower_bound":0.03234703192934906,"upper_bound":0.32128530450654946},"point_estimate":0.14130482220997287,"standard_error":0.07479717794511864},"median":{"confidence_interval":{"confidence_level":0.95,"lower_bound":-0.00002222585184552539,"upper_bound":0.13041345042559405},"point_estimate":0.04025195469496201,"standard_error":0.03510965940275316}}