{"mean":{"confidence_interval":{"confidence_level":0.95,"lower_bound":106730655.14575,"upper_bound":108234887.53925005},"point_estimate":107519551.56000002,"standard_error":382975.2971468754},"median":{"confidence_interval":{"confidence_level":0.95,"lower_bound":107173935.2,"upper_bound":108372986.5},"point_estimate":107211284.5,"standard_error":354460.1365673579},"median_abs_dev":{"confidence_interval":{"confidence_level":0.95,"lower_bound":51091.72943293827,"upper_bound":2320367.255185253},"point_estimate":1148245.6584745557,"standard_error":490015.77051174646},"slope":null,"std_dev":{"confidence_interval":{"confidence_level":0.95,"lower_bound":1000851.5542734164,"upper_bound":2422369.650292324},"point_estimate":1769372.5982590204,"standard_error":381497.7033178368}}