{"mean":{"confidence_interval":{"confidence_level":0.95,"lower_bound":-0.09848770822378404,"upper_bound":0.08728644705060333},"point_estimate":-0.008604403714923659,"standard_error":0.048139736475641716},"median":{"confidence_interval":{"confidence_level":0.95,"lower_bound":-0.25021356956718716,"upper_bound":0.3333992549419751},"point_estimate":0.000028085307544944982,"standard_error":0.12368941701046911}}