{"mean":{"confidence_interval":{"confidence_level":0.95,"lower_bound":1234716755.4568255,"upper_bound":1313093460.7389197},"point_estimate":1274406847.0423665,"standard_error":20114318.39245431},"median":{"confidence_interval":{"confidence_level":0.95,"lower_bound":1217543970.0083332,"upper_bound":1343828465.568182},"point_estimate":1285942748.009804,"standard_error":39135801.7772541},"median_abs_dev":{"confidence_interval":{"confidence_level":0.95,"lower_bound":41240752.68281779,"upper_bound":154561271.7934831},"point_estimate":102474033.06021485,"standard_error":27501324.461749926},"slope":{"confidence_interval":{"confidence_level":0.95,"lower_bound":1216918799.8983529,"upper_bound":1307495949.1706133},"point_estimate":1261445941.5869339,"standard_error":23170733.7261758},"std_dev":{"confidence_interval":{"confidence_level":0.95,"lower_bound":68258448.94213498,"upper_bound":108484846.10405792},"point_estimate":92227220.56523727,"standard_error":10268113.02650707}}