{"mean":{"confidence_interval":{"confidence_level":0.95,"lower_bound":118156749.93799998,"upper_bound":124837519.69625002},"point_estimate":121519190.81000002,"standard_error":1702122.6100881638},"median":{"confidence_interval":{"confidence_level":0.95,"lower_bound":117599757.19999999,"upper_bound":125598202.5},"point_estimate":121603566.9,"standard_error":1925160.9275109181},"median_abs_dev":{"confidence_interval":{"confidence_level":0.95,"lower_bound":2980551.9735646313,"upper_bound":10070142.524539225},"point_estimate":7716270.733848808,"standard_error":1767989.4751562069},"slope":null,"std_dev":{"confidence_interval":{"confidence_level":0.95,"lower_bound":4599856.456453724,"upper_bound":10363068.494116705},"point_estimate":7804352.879289216,"standard_error":1475246.523055317}}