{"mean":{"confidence_interval":{"confidence_level":0.95,"lower_bound":188876932.75833336,"upper_bound":224091209.57666665},"point_estimate":206476206.10000005,"standard_error":9338262.512072984},"median":{"confidence_interval":{"confidence_level":0.95,"lower_bound":175622830.83333334,"upper_bound":263553425.33333334},"point_estimate":175662382.16666666,"standard_error":21898916.256729607},"median_abs_dev":{"confidence_interval":{"confidence_level":0.95,"lower_bound":50187.985908955685,"upper_bound":65205407.83487262},"point_estimate":128848.06881246006,"standard_error":16172705.445104558},"slope":null,"std_dev":{"confidence_interval":{"confidence_level":0.95,"lower_bound":32190922.648168154,"upper_bound":45124505.921644785},"point_estimate":43006332.828099705,"standard_error":3627934.4984595524}}