{"mean":{"confidence_interval":{"confidence_level":0.95,"lower_bound":-0.00003465350925421767,"upper_bound":0.0007093895232664552},"point_estimate":0.0002355673359208943,"standard_error":0.00018273612148021794},"median":{"confidence_interval":{"confidence_level":0.95,"lower_bound":-0.00002248413802141691,"upper_bound":0.00003713986937547986},"point_estimate":4.8048658372046305e-6,"standard_error":0.000020780515559996256}}