{"mean":{"confidence_interval":{"confidence_level":0.95,"lower_bound":48577075.90913575,"upper_bound":49417114.89750597},"point_estimate":48972917.13149099,"standard_error":214447.9927000712},"median":{"confidence_interval":{"confidence_level":0.95,"lower_bound":48166515.22777778,"upper_bound":49331004.878787875},"point_estimate":49036444.460084036,"standard_error":379005.763782189},"median_abs_dev":{"confidence_interval":{"confidence_level":0.95,"lower_bound":254910.20872444284,"upper_bound":1495829.9418719048},"point_estimate":1170508.1228199159,"standard_error":355137.12396820844},"slope":{"confidence_interval":{"confidence_level":0.95,"lower_bound":48701529.826058544,"upper_bound":49512794.364486985},"point_estimate":49095189.5825784,"standard_error":207772.3214530945},"std_dev":{"confidence_interval":{"confidence_level":0.95,"lower_bound":619572.7418719478,"upper_bound":1295035.970626902},"point_estimate":981605.3611866784,"standard_error":182542.69010677715}}