{"mean":{"confidence_interval":{"confidence_level":0.95,"lower_bound":814902866.7362499,"upper_bound":832264974.439375},"point_estimate":823763016.25,"standard_error":4428079.600916011},"median":{"confidence_interval":{"confidence_level":0.95,"lower_bound":813467327.0,"upper_bound":832557878.5},"point_estimate":827556934.0,"standard_error":4671738.5129953185},"median_abs_dev":{"confidence_interval":{"confidence_level":0.95,"lower_bound":5088481.036761403,"upper_bound":35046023.9791587},"point_estimate":20823006.91791773,"standard_error":8323028.838158914},"slope":null,"std_dev":{"confidence_interval":{"confidence_level":0.95,"lower_bound":14145612.59620101,"upper_bound":24782434.124201477},"point_estimate":20336263.378282864,"standard_error":2712535.868929779}}