{"mean":{"confidence_interval":{"confidence_level":0.95,"lower_bound":7791008662.440001,"upper_bound":7829035839.2525},"point_estimate":7810154514.5,"standard_error":9700306.121587822},"median":{"confidence_interval":{"confidence_level":0.95,"lower_bound":7780939032.0,"upper_bound":7843091173.0},"point_estimate":7817137635.5,"standard_error":20923246.34637741},"median_abs_dev":{"confidence_interval":{"confidence_level":0.95,"lower_bound":20783718.018615246,"upper_bound":72016202.52785683},"point_estimate":53215711.79213226,"standard_error":11964310.134842709},"slope":null,"std_dev":{"confidence_interval":{"confidence_level":0.95,"lower_bound":34133821.11969444,"upper_bound":51358588.65802758},"point_estimate":44364128.47332726,"standard_error":4418349.456911448}}