{"mean":{"confidence_interval":{"confidence_level":0.95,"lower_bound":245985569.3058333,"upper_bound":273336590.13375},"point_estimate":260802009.76666665,"standard_error":6994036.175193174},"median":{"confidence_interval":{"confidence_level":0.95,"lower_bound":255333387.66666666,"upper_bound":270014268.6666667},"point_estimate":265364985.8333333,"standard_error":3884373.804989237},"median_abs_dev":{"confidence_interval":{"confidence_level":0.95,"lower_bound":4912916.489878312,"upper_bound":33644246.33689521},"point_estimate":21801411.705547594,"standard_error":8180464.071167072},"slope":null,"std_dev":{"confidence_interval":{"confidence_level":0.95,"lower_bound":15340247.576417072,"upper_bound":45307396.96261193},"point_estimate":32165632.143459283,"standard_error":8084278.352717627}}