{"mean":{"confidence_interval":{"confidence_level":0.95,"lower_bound":170393667.12025002,"upper_bound":191546553.06475},"point_estimate":181577374.09999996,"standard_error":5408273.111047045},"median":{"confidence_interval":{"confidence_level":0.95,"lower_bound":175397206.5,"upper_bound":197921001.0},"point_estimate":189961145.7,"standard_error":6152400.13387987},"median_abs_dev":{"confidence_interval":{"confidence_level":0.95,"lower_bound":8173408.789772983,"upper_bound":33276226.228728868},"point_estimate":16296920.084391836,"standard_error":6379853.531613152},"slope":null,"std_dev":{"confidence_interval":{"confidence_level":0.95,"lower_bound":13942810.825075721,"upper_bound":30869284.858395323},"point_estimate":24751930.773217343,"standard_error":4199192.853705235}}