{"mean":{"confidence_interval":{"confidence_level":0.95,"lower_bound":125189537155.55626,"upper_bound":125627046558.86},"point_estimate":125405365198.15,"standard_error":111965398.17513086},"median":{"confidence_interval":{"confidence_level":0.95,"lower_bound":125092536147.5,"upper_bound":125686064751.0},"point_estimate":125289024099.5,"standard_error":146600992.02364564},"median_abs_dev":{"confidence_interval":{"confidence_level":0.95,"lower_bound":174265465.11096954,"upper_bound":866074900.0955969},"point_estimate":367192362.71703243,"standard_error":184522685.6477906},"slope":null,"std_dev":{"confidence_interval":{"confidence_level":0.95,"lower_bound":361431681.19109005,"upper_bound":618784188.6623054},"point_estimate":513442689.50525033,"standard_error":65669216.98836339}}