{"mean":{"confidence_interval":{"confidence_level":0.95,"lower_bound":175693190.16666666,"upper_bound":202334897.92208335},"point_estimate":188940618.73333335,"standard_error":7047425.44176457},"median":{"confidence_interval":{"confidence_level":0.95,"lower_bound":175610363.5,"upper_bound":175657358.3333333},"point_estimate":175635253.1666667,"standard_error":849992.6240572026},"median_abs_dev":{"confidence_interval":{"confidence_level":0.95,"lower_bound":20210.308641224754,"upper_bound":102162.01058625439},"point_estimate":40612.861078977585,"standard_error":1038254.0891103847},"slope":null,"std_dev":{"confidence_interval":{"confidence_level":0.95,"lower_bound":283330.24490525346,"upper_bound":41734939.09164035},"point_estimate":32358695.28744472,"standard_error":8799638.105576716}}