{"mean":{"confidence_interval":{"confidence_level":0.95,"lower_bound":0.01747426520863661,"upper_bound":0.17468936861969206},"point_estimate":0.09444250269850452,"standard_error":0.0401647588129615},"median":{"confidence_interval":{"confidence_level":0.95,"lower_bound":0.035319813945773326,"upper_bound":0.3344028051376222},"point_estimate":0.11821988863591137,"standard_error":0.08145633434778006}}