{"mean":{"confidence_interval":{"confidence_level":0.95,"lower_bound":-0.05884311351799387,"upper_bound":0.2806011903194326},"point_estimate":0.09482458569824015,"standard_error":0.08675446092763044},"median":{"confidence_interval":{"confidence_level":0.95,"lower_bound":-0.2166173581805897,"upper_bound":0.8284188421559688},"point_estimate":0.00537854793542758,"standard_error":0.21228958870882897}}