{"mean":{"confidence_interval":{"confidence_level":0.95,"lower_bound":-0.00016831991302368454,"upper_bound":0.00009949289205428128},"point_estimate":-0.00003965500919356213,"standard_error":0.00006790478092194341},"median":{"confidence_interval":{"confidence_level":0.95,"lower_bound":-0.00012238379250995024,"upper_bound":0.00006816222111583059},"point_estimate":-0.00004397707132586248,"standard_error":0.00004948168719278459}}