{"mean":{"confidence_interval":{"confidence_level":0.95,"lower_bound":54056678.18854426,"upper_bound":54823121.6943933},"point_estimate":54436963.643722475,"standard_error":196253.64350520656},"median":{"confidence_interval":{"confidence_level":0.95,"lower_bound":53736464.82662539,"upper_bound":54931640.765151516},"point_estimate":54584180.58888888,"standard_error":384809.09455985384},"median_abs_dev":{"confidence_interval":{"confidence_level":0.95,"lower_bound":392267.02361617435,"upper_bound":1499520.1174562776},"point_estimate":1256823.3668187833,"standard_error":266334.42521767225},"slope":{"confidence_interval":{"confidence_level":0.95,"lower_bound":53783698.34007911,"upper_bound":54744078.59563436},"point_estimate":54218906.13466899,"standard_error":246011.72521773152},"std_dev":{"confidence_interval":{"confidence_level":0.95,"lower_bound":682950.0743894421,"upper_bound":1044071.7535634666},"point_estimate":897592.9272359778,"standard_error":92537.8984674731}}