{"mean":{"confidence_interval":{"confidence_level":0.95,"lower_bound":3894854824.108125,"upper_bound":3905980885.831875},"point_estimate":3900452396.825,"standard_error":2838130.682567266},"median":{"confidence_interval":{"confidence_level":0.95,"lower_bound":3897323280.0,"upper_bound":3904632541.75},"point_estimate":3899339402.75,"standard_error":2007051.2136880166},"median_abs_dev":{"confidence_interval":{"confidence_level":0.95,"lower_bound":2627110.4439094663,"upper_bound":16699118.396781385},"point_estimate":7891388.919299841,"standard_error":3656771.457487906},"slope":null,"std_dev":{"confidence_interval":{"confidence_level":0.95,"lower_bound":7813739.13130068,"upper_bound":16860528.250719734},"point_estimate":13048874.295445047,"standard_error":2313724.371517656}}