{"mean":{"confidence_interval":{"confidence_level":0.95,"lower_bound":133969877.475,"upper_bound":149451272.8825},"point_estimate":140661859.825,"standard_error":3968016.477146023},"median":{"confidence_interval":{"confidence_level":0.95,"lower_bound":131706591.625,"upper_bound":132256568.375},"point_estimate":131721442.75,"standard_error":1563480.3490757113},"median_abs_dev":{"confidence_interval":{"confidence_level":0.95,"lower_bound":14374.177394807339,"upper_bound":824080.585719645},"point_estimate":36154.12698313594,"standard_error":1509875.2947468695},"slope":null,"std_dev":{"confidence_interval":{"confidence_level":0.95,"lower_bound":9804966.521731056,"upper_bound":22132199.599446837},"point_estimate":18102611.16988664,"standard_error":3622330.7743678857}}