{"mean":{"confidence_interval":{"confidence_level":0.95,"lower_bound":-0.0000476024821711718,"upper_bound":0.00009293928689668718},"point_estimate":0.000013518036509729825,"standard_error":0.00003607057316916011},"median":{"confidence_interval":{"confidence_level":0.95,"lower_bound":-0.000027549980512686645,"upper_bound":0.000022995666967612303},"point_estimate":1.6347275451078502e-6,"standard_error":0.000012532751810240449}}