{"mean":{"confidence_interval":{"confidence_level":0.95,"lower_bound":-0.021000041953796362,"upper_bound":0.21433573081183377},"point_estimate":0.08511644444144184,"standard_error":0.06075958717068688},"median":{"confidence_interval":{"confidence_level":0.95,"lower_bound":-0.24977250003006846,"upper_bound":0.5013803890540116},"point_estimate":0.12594273952292667,"standard_error":0.1679050464736074}}