{"mean":{"confidence_interval":{"confidence_level":0.95,"lower_bound":896818652.28625,"upper_bound":1043771898.589375},"point_estimate":971396173.05,"standard_error":37451050.61436031},"median":{"confidence_interval":{"confidence_level":0.95,"lower_bound":906977962.0,"upper_bound":1094010635.0},"point_estimate":964938085.0,"standard_error":47295628.23990043},"median_abs_dev":{"confidence_interval":{"confidence_level":0.95,"lower_bound":71186566.26938581,"upper_bound":289185947.39307314},"point_estimate":191362959.23262835,"standard_error":59018339.439343296},"slope":null,"std_dev":{"confidence_interval":{"confidence_level":0.95,"lower_bound":120995412.87152208,"upper_bound":206210595.79307303},"point_estimate":171576442.73793557,"standard_error":21667812.34512151}}