{"mean":{"confidence_interval":{"confidence_level":0.95,"lower_bound":-0.034507214174992966,"upper_bound":0.47551362645668355},"point_estimate":0.1925176049921884,"standard_error":0.1284658828430388},"median":{"confidence_interval":{"confidence_level":0.95,"lower_bound":-0.004740291379912831,"upper_bound":1.0021000644079296},"point_estimate":1.0015088719656422,"standard_error":0.44274676576845684}}