{"mean":{"confidence_interval":{"confidence_level":0.95,"lower_bound":291588459.2187501,"upper_bound":330873208.2729167},"point_estimate":310598610.25,"standard_error":10036511.620858375},"median":{"confidence_interval":{"confidence_level":0.95,"lower_bound":278649812.6666667,"upper_bound":325344505.5},"point_estimate":317323157.6666667,"standard_error":11794928.676953984},"median_abs_dev":{"confidence_interval":{"confidence_level":0.95,"lower_bound":10886824.516320214,"upper_bound":71193196.95066807},"point_estimate":42508535.891422614,"standard_error":15638758.991035497},"slope":null,"std_dev":{"confidence_interval":{"confidence_level":0.95,"lower_bound":29419343.6608142,"upper_bound":59260588.194451146},"point_estimate":46260312.06727832,"standard_error":7784676.172035291}}