{"mean":{"confidence_interval":{"confidence_level":0.95,"lower_bound":130235620.43625002,"upper_bound":146881564.17275},"point_estimate":138520663.69,"standard_error":4256581.319375565},"median":{"confidence_interval":{"confidence_level":0.95,"lower_bound":122988495.3,"upper_bound":156144392.60000002},"point_estimate":136159749.9,"standard_error":11814790.315876523},"median_abs_dev":{"confidence_interval":{"confidence_level":0.95,"lower_bound":5924149.104965294,"upper_bound":30833452.257996798},"point_estimate":29630080.270780925,"standard_error":6921776.277829013},"slope":null,"std_dev":{"confidence_interval":{"confidence_level":0.95,"lower_bound":16100161.52199333,"upper_bound":21623239.528147276},"point_estimate":19582101.229363948,"standard_error":1402716.273299103}}