{"mean":{"confidence_interval":{"confidence_level":0.95,"lower_bound":118748867.65399997,"upper_bound":119612367.9},"point_estimate":119156593.21000001,"standard_error":225465.7438959518},"median":{"confidence_interval":{"confidence_level":0.95,"lower_bound":118393187.8,"upper_bound":119216353.4},"point_estimate":119190915.4,"standard_error":276741.8604160909},"median_abs_dev":{"confidence_interval":{"confidence_level":0.95,"lower_bound":32187.09716855154,"upper_bound":1213828.6165702387},"point_estimate":1162932.8868538141,"standard_error":422420.25871194364},"slope":null,"std_dev":{"confidence_interval":{"confidence_level":0.95,"lower_bound":539526.6756028975,"upper_bound":1362430.0389818447},"point_estimate":1038419.9266238699,"standard_error":212845.56282569515}}