{"mean":{"confidence_interval":{"confidence_level":0.95,"lower_bound":-0.04113786329552741,"upper_bound":0.3622869811301867},"point_estimate":0.1359312904054535,"standard_error":0.10295861595977333},"median":{"confidence_interval":{"confidence_level":0.95,"lower_bound":-0.33305614654678894,"upper_bound":0.6699163762777247},"point_estimate":0.335424435784655,"standard_error":0.2057093597928901}}