{"mean":{"confidence_interval":{"confidence_level":0.95,"lower_bound":100511130.09724998,"upper_bound":101397037.87874998},"point_estimate":100958816.41,"standard_error":228487.94119438963},"median":{"confidence_interval":{"confidence_level":0.95,"lower_bound":100414712.4,"upper_bound":101592518.1},"point_estimate":100802653.8,"standard_error":375489.4748734703},"median_abs_dev":{"confidence_interval":{"confidence_level":0.95,"lower_bound":32091.76599027052,"upper_bound":1219077.020477061},"point_estimate":1167863.5695862705,"standard_error":355065.18392033357},"slope":null,"std_dev":{"confidence_interval":{"confidence_level":0.95,"lower_bound":654907.3902662724,"upper_bound":1372798.737031703},"point_estimate":1052337.068759248,"standard_error":183887.90842512026}}