{"mean":{"confidence_interval":{"confidence_level":0.95,"lower_bound":2922052569.9475,"upper_bound":3069623802.0662494},"point_estimate":2993028280.75,"standard_error":37705870.98823366},"median":{"confidence_interval":{"confidence_level":0.95,"lower_bound":2892821106.5,"upper_bound":3069949520.5},"point_estimate":2969442123.5,"standard_error":58322625.96535985},"median_abs_dev":{"confidence_interval":{"confidence_level":0.95,"lower_bound":58479021.01778984,"upper_bound":248956123.80094528},"point_estimate":158195829.3816626,"standard_error":47183574.73066256},"slope":null,"std_dev":{"confidence_interval":{"confidence_level":0.95,"lower_bound":102858679.44643964,"upper_bound":221502868.15363795},"point_estimate":172757855.97814518,"standard_error":29901021.526162}}