{"mean":{"confidence_interval":{"confidence_level":0.95,"lower_bound":38227819.072375,"upper_bound":45454502.8735},"point_estimate":41613673.5,"standard_error":1847321.1061653905},"median":{"confidence_interval":{"confidence_level":0.95,"lower_bound":33624000.5,"upper_bound":37374588.75},"point_estimate":34818764.5,"standard_error":901758.4634662727},"median_abs_dev":{"confidence_interval":{"confidence_level":0.95,"lower_bound":5213057.240849733,"upper_bound":10139880.302268637},"point_estimate":7039740.869669616,"standard_error":1139939.6797009504},"slope":null,"std_dev":{"confidence_interval":{"confidence_level":0.95,"lower_bound":12017804.365531694,"upper_bound":24155392.47920068},"point_estimate":18565248.460848074,"standard_error":3104224.164501028}}