{"mean":{"confidence_interval":{"confidence_level":0.95,"lower_bound":-0.07663290811772351,"upper_bound":0.07678106784485517},"point_estimate":-0.0030538609644067405,"standard_error":0.03918812965906897},"median":{"confidence_interval":{"confidence_level":0.95,"lower_bound":-0.15756036227650472,"upper_bound":0.06720546429462537},"point_estimate":0.04456623574401619,"standard_error":0.05736397791582421}}