{"mean":{"confidence_interval":{"confidence_level":0.95,"lower_bound":4293303049.511875,"upper_bound":4820993516.528125},"point_estimate":4545398034.175,"standard_error":135282213.58953473},"median":{"confidence_interval":{"confidence_level":0.95,"lower_bound":4266993838.5,"upper_bound":4786993568.75},"point_estimate":4458001434.25,"standard_error":140699663.63774025},"median_abs_dev":{"confidence_interval":{"confidence_level":0.95,"lower_bound":255021421.01946473,"upper_bound":865839591.8353245},"point_estimate":581198664.0033112,"standard_error":161362416.52094796},"slope":null,"std_dev":{"confidence_interval":{"confidence_level":0.95,"lower_bound":364943703.7120471,"upper_bound":810706709.2713244},"point_estimate":621602689.915705,"standard_error":115468732.0796514}}