{"mean":{"confidence_interval":{"confidence_level":0.95,"lower_bound":337066652.8170833,"upper_bound":396007556.78333336},"point_estimate":366538373.48333335,"standard_error":16333870.307883479},"median":{"confidence_interval":{"confidence_level":0.95,"lower_bound":292946559.5,"upper_bound":439606252.1666666},"point_estimate":366908731.8333334,"standard_error":66162024.06522779},"median_abs_dev":{"confidence_interval":{"confidence_level":0.95,"lower_bound":39449.26719962078,"upper_bound":109662338.55830437},"point_estimate":108722737.36558557,"standard_error":41001275.54851198},"slope":null,"std_dev":{"confidence_interval":{"confidence_level":0.95,"lower_bound":65158965.357099295,"upper_bound":75378179.4176294},"point_estimate":75238807.4891653,"standard_error":2798440.0060807546}}