{"mean":{"confidence_interval":{"confidence_level":0.95,"lower_bound":-0.07372174213013633,"upper_bound":0.3627951775550261},"point_estimate":0.11867271386194722,"standard_error":0.11195538882370991},"median":{"confidence_interval":{"confidence_level":0.95,"lower_bound":-0.24489265016735373,"upper_bound":0.7889924024363903},"point_estimate":0.08151833581967938,"standard_error":0.29266671571609854}}