{"mean":{"confidence_interval":{"confidence_level":0.95,"lower_bound":1931533893.5325,"upper_bound":2518179249.6649995},"point_estimate":2226794535.8,"standard_error":149612159.69370767},"median":{"confidence_interval":{"confidence_level":0.95,"lower_bound":1904140174.0,"upper_bound":2729840776.5},"point_estimate":2037790495.0,"standard_error":197267188.9800908},"median_abs_dev":{"confidence_interval":{"confidence_level":0.95,"lower_bound":109581806.19873405,"upper_bound":1058927560.9557778},"point_estimate":272658324.3004471,"standard_error":280151302.34347814},"slope":null,"std_dev":{"confidence_interval":{"confidence_level":0.95,"lower_bound":418347941.3033411,"upper_bound":901720764.4770734},"point_estimate":687609632.8419435,"standard_error":124207947.17710352}}