{"mean":{"confidence_interval":{"confidence_level":0.95,"lower_bound":669393997.4512501,"upper_bound":1226397664.06875},"point_estimate":893194245.8,"standard_error":148240686.06938285},"median":{"confidence_interval":{"confidence_level":0.95,"lower_bound":663971617.5,"upper_bound":679992587.0},"point_estimate":672005867.0,"standard_error":3937449.5145291574},"median_abs_dev":{"confidence_interval":{"confidence_level":0.95,"lower_bound":5930860.9833061695,"upper_bound":20775983.294552565},"point_estimate":17801816.58255458,"standard_error":4597627.895697093},"slope":null,"std_dev":{"confidence_interval":{"confidence_level":0.95,"lower_bound":9378955.589174923,"upper_bound":985960037.7527595},"point_estimate":682979400.3160087,"standard_error":265459082.6571964}}