{"mean":{"confidence_interval":{"confidence_level":0.95,"lower_bound":68262977.00826617,"upper_bound":77018606.97689408},"point_estimate":72831520.04693224,"standard_error":2234483.5679694423},"median":{"confidence_interval":{"confidence_level":0.95,"lower_bound":68936382.39166667,"upper_bound":76820552.01587301},"point_estimate":73203254.82894737,"standard_error":2000115.0896738754},"median_abs_dev":{"confidence_interval":{"confidence_level":0.95,"lower_bound":3619239.7925494877,"upper_bound":13410989.782680668},"point_estimate":7813468.4573703855,"standard_error":2395485.075985495},"slope":{"confidence_interval":{"confidence_level":0.95,"lower_bound":67311310.4948457,"upper_bound":72886494.6980954},"point_estimate":70017648.55261324,"standard_error":1421362.3301863556},"std_dev":{"confidence_interval":{"confidence_level":0.95,"lower_bound":5915095.876659581,"upper_bound":13869305.871732682},"point_estimate":10231524.29865935,"standard_error":2117127.627003396}}