{"mean":{"confidence_interval":{"confidence_level":0.95,"lower_bound":-0.1414858426040458,"upper_bound":0.04438310868304403},"point_estimate":-0.038127596617074544,"standard_error":0.049582502805313004},"median":{"confidence_interval":{"confidence_level":0.95,"lower_bound":-0.05295616978806772,"upper_bound":0.06277778076613849},"point_estimate":-0.0012772304338189988,"standard_error":0.02420636328214634}}