{"mean":{"confidence_interval":{"confidence_level":0.95,"lower_bound":142767147.4303125,"upper_bound":160520194.1009375},"point_estimate":151621779.4,"standard_error":4880573.464689945},"median":{"confidence_interval":{"confidence_level":0.95,"lower_bound":131738807.0,"upper_bound":175701194.75},"point_estimate":132276868.75,"standard_error":18629866.560725622},"median_abs_dev":{"confidence_interval":{"confidence_level":0.95,"lower_bound":55569.14428845048,"upper_bound":32641164.166903496},"point_estimate":885717.4557253718,"standard_error":11691899.188570257},"slope":null,"std_dev":{"confidence_interval":{"confidence_level":0.95,"lower_bound":19478860.581359413,"upper_bound":22657059.575377457},"point_estimate":22463175.61261635,"standard_error":1000608.537430193}}