{"mean":{"confidence_interval":{"confidence_level":0.95,"lower_bound":-0.14236717210046282,"upper_bound":0.186412591656728},"point_estimate":0.0007261675429501846,"standard_error":0.08284804040358372},"median":{"confidence_interval":{"confidence_level":0.95,"lower_bound":-0.3333186550660755,"upper_bound":0.6692130923095689},"point_estimate":-0.3331194502823521,"standard_error":0.27880453789710574}}