{"mean":{"confidence_interval":{"confidence_level":0.95,"lower_bound":718938160.980625,"upper_bound":778691358.153125},"point_estimate":750604184.875,"standard_error":15280024.173869228},"median":{"confidence_interval":{"confidence_level":0.95,"lower_bound":752850927.25,"upper_bound":794309661.0},"point_estimate":766019069.25,"standard_error":10399415.886101367},"median_abs_dev":{"confidence_interval":{"confidence_level":0.95,"lower_bound":15014378.88944149,"upper_bound":82949364.7179544},"point_estimate":41943630.5839017,"standard_error":16231723.7795273},"slope":null,"std_dev":{"confidence_interval":{"confidence_level":0.95,"lower_bound":39990506.73778741,"upper_bound":86884941.06161337},"point_estimate":70021152.46491891,"standard_error":12065423.14121842}}