{"mean":{"confidence_interval":{"confidence_level":0.95,"lower_bound":0.1613661536655516,"upper_bound":1.9726130550532757},"point_estimate":0.6996853214900942,"standard_error":0.49617603629362156},"median":{"confidence_interval":{"confidence_level":0.95,"lower_bound":-0.11736892098177731,"upper_bound":10948.862295362745},"point_estimate":0.9801187746191322,"standard_error":5006.423114123185}}