{"mean":{"confidence_interval":{"confidence_level":0.95,"lower_bound":206425694.93625003,"upper_bound":241702323.45874995},"point_estimate":224097592.53333336,"standard_error":9743204.82071663},"median":{"confidence_interval":{"confidence_level":0.95,"lower_bound":175601009.5,"upper_bound":263564558.83333334},"point_estimate":263476031.6666667,"standard_error":37085857.639308475},"median_abs_dev":{"confidence_interval":{"confidence_level":0.95,"lower_bound":77164.88083004951,"upper_bound":64448452.33361122},"point_estimate":252126.5037238156,"standard_error":23353499.73728211},"slope":null,"std_dev":{"confidence_interval":{"confidence_level":0.95,"lower_bound":38848135.55389579,"upper_bound":45086748.17146013},"point_estimate":44769001.962156564,"standard_error":1983456.25413687}}