{"mean":{"confidence_interval":{"confidence_level":0.95,"lower_bound":1002565441.6954165,"upper_bound":1217374206.8333333},"point_estimate":1112904762.7833333,"standard_error":54941122.064563565},"median":{"confidence_interval":{"confidence_level":0.95,"lower_bound":971545826.8333334,"upper_bound":1320232951.0},"point_estimate":1158878199.0,"standard_error":75805293.95462823},"median_abs_dev":{"confidence_interval":{"confidence_level":0.95,"lower_bound":62413330.83934164,"upper_bound":421072618.56566656},"point_estimate":322184936.44587404,"standard_error":96355042.51243849},"slope":null,"std_dev":{"confidence_interval":{"confidence_level":0.95,"lower_bound":188051506.8804589,"upper_bound":286817278.45669407},"point_estimate":252225213.57529995,"standard_error":25181655.097924467}}