{"mean":{"confidence_interval":{"confidence_level":0.95,"lower_bound":-0.014821502436229986,"upper_bound":0.24097237925429235},"point_estimate":0.1078738513185118,"standard_error":0.06534984948884434},"median":{"confidence_interval":{"confidence_level":0.95,"lower_bound":-0.059677306201357805,"upper_bound":0.5044527729655364},"point_estimate":0.32921353984615176,"standard_error":0.20273785980346037}}