{"mean":{"confidence_interval":{"confidence_level":0.95,"lower_bound":-0.11879401537275906,"upper_bound":0.04773201680380789},"point_estimate":-0.0409990985362475,"standard_error":0.042599834033004706},"median":{"confidence_interval":{"confidence_level":0.95,"lower_bound":-0.2501676671795633,"upper_bound":0.1667469066695424},"point_estimate":-0.000027094722839238194,"standard_error":0.11493063969447403}}