{"mean":{"confidence_interval":{"confidence_level":0.95,"lower_bound":4831717.636982701,"upper_bound":4839894.087657369},"point_estimate":4836373.455982528,"standard_error":2105.628743751479},"median":{"confidence_interval":{"confidence_level":0.95,"lower_bound":4834272.341666667,"upper_bound":4841028.893809523},"point_estimate":4838299.840444445,"standard_error":1779.6536804319155},"median_abs_dev":{"confidence_interval":{"confidence_level":0.95,"lower_bound":3017.400146742856,"upper_bound":9351.074097348474},"point_estimate":6589.901985627795,"standard_error":1665.334814920449},"slope":{"confidence_interval":{"confidence_level":0.95,"lower_bound":4828357.70053881,"upper_bound":4840212.68976311},"point_estimate":4835174.082383275,"standard_error":3064.5710559377253},"std_dev":{"confidence_interval":{"confidence_level":0.95,"lower_bound":4208.52827478517,"upper_bound":14502.438957630076},"point_estimate":9603.886943758967,"standard_error":3092.1515784916896}}