{"mean":{"confidence_interval":{"confidence_level":0.95,"lower_bound":-0.020022702033768436,"upper_bound":0.12955738987020143},"point_estimate":0.056390743986775904,"standard_error":0.03806147987924408},"median":{"confidence_interval":{"confidence_level":0.95,"lower_bound":-0.06276217261612393,"upper_bound":0.25079437773307856},"point_estimate":0.1886231197307433,"standard_error":0.09064250588949971}}