{"mean":{"confidence_interval":{"confidence_level":0.95,"lower_bound":54285365.08127603,"upper_bound":67327496.35642785},"point_estimate":62102560.34906642,"standard_error":3463803.624971204},"median":{"confidence_interval":{"confidence_level":0.95,"lower_bound":63689179.11497326,"upper_bound":68532515.45},"point_estimate":66927825.32380953,"standard_error":1453441.782006161},"median_abs_dev":{"confidence_interval":{"confidence_level":0.95,"lower_bound":2142896.2559325416,"upper_bound":9359501.942675624},"point_estimate":4562925.892574363,"standard_error":1934263.7146364932},"slope":{"confidence_interval":{"confidence_level":0.95,"lower_bound":65770811.22017133,"upper_bound":68785022.66478698},"point_estimate":67434612.10487805,"standard_error":772683.921249781},"std_dev":{"confidence_interval":{"confidence_level":0.95,"lower_bound":4059003.72116772,"upper_bound":25016668.807813186},"point_estimate":15872234.07302553,"standard_error":6594453.90942831}}