{"mean":{"confidence_interval":{"confidence_level":0.95,"lower_bound":-3.194601622891202e-6,"upper_bound":0.00012709125016417406},"point_estimate":0.000048093282583039354,"standard_error":0.00003542075790564645},"median":{"confidence_interval":{"confidence_level":0.95,"lower_bound":-4.899254125390051e-6,"upper_bound":7.857910932163037e-6},"point_estimate":-1.3855098023318746e-6,"standard_error":3.383004929108251e-6}}