{"mean":{"confidence_interval":{"confidence_level":0.95,"lower_bound":-0.13171065513077154,"upper_bound":0.061630797709402746},"point_estimate":-0.04210640333744997,"standard_error":0.0492669678902264},"median":{"confidence_interval":{"confidence_level":0.95,"lower_bound":-0.23930980984762787,"upper_bound":0.23042411615568392},"point_estimate":-0.15232487069226974,"standard_error":0.11899897898995156}}