{"mean":{"confidence_interval":{"confidence_level":0.95,"lower_bound":170215311.90625,"upper_bound":192215101.25},"point_estimate":181211251.125,"standard_error":5652389.109750914},"median":{"confidence_interval":{"confidence_level":0.95,"lower_bound":164704714.5,"upper_bound":192200970.875},"point_estimate":164732412.625,"standard_error":8654472.969611192},"median_abs_dev":{"confidence_interval":{"confidence_level":0.95,"lower_bound":22533.481024950743,"upper_bound":40752459.72729921},"point_estimate":56015.221555531025,"standard_error":7049798.21832865},"slope":null,"std_dev":{"confidence_interval":{"confidence_level":0.95,"lower_bound":16928723.416859314,"upper_bound":28202801.127728503},"point_estimate":25854329.698932808,"standard_error":2919091.20353873}}