{"mean":{"confidence_interval":{"confidence_level":0.95,"lower_bound":40855703.916625,"upper_bound":52042591.844},"point_estimate":46062820.31,"standard_error":2862824.4740447085},"median":{"confidence_interval":{"confidence_level":0.95,"lower_bound":33836507.5,"upper_bound":38022737.75},"point_estimate":35668070.25,"standard_error":1065724.5112325533},"median_abs_dev":{"confidence_interval":{"confidence_level":0.95,"lower_bound":5295541.690385342,"upper_bound":10050173.830273747},"point_estimate":7347839.59954977,"standard_error":1212313.9974525783},"slope":null,"std_dev":{"confidence_interval":{"confidence_level":0.95,"lower_bound":18472822.421582054,"upper_bound":37475695.790028475},"point_estimate":28729301.23913724,"standard_error":4843340.932270111}}