{"mean":{"confidence_interval":{"confidence_level":0.95,"lower_bound":74696395.72610699,"upper_bound":84765631.54221609},"point_estimate":80257925.94302262,"standard_error":2598157.041016981},"median":{"confidence_interval":{"confidence_level":0.95,"lower_bound":80846809.53525642,"upper_bound":87802355.53333333},"point_estimate":83017826.55392158,"standard_error":1910040.948271769},"median_abs_dev":{"confidence_interval":{"confidence_level":0.95,"lower_bound":935154.8259776786,"upper_bound":9907743.806067396},"point_estimate":7175000.362124149,"standard_error":2258996.771943806},"slope":{"confidence_interval":{"confidence_level":0.95,"lower_bound":82195375.58542621,"upper_bound":85579219.50982977},"point_estimate":83938022.81672473,"standard_error":867125.9136678623},"std_dev":{"confidence_interval":{"confidence_level":0.95,"lower_bound":4461910.301708574,"upper_bound":16621826.728253322},"point_estimate":11888089.385908553,"standard_error":3130589.5515920985}}