{"mean":{"confidence_interval":{"confidence_level":0.95,"lower_bound":-0.09778997569703449,"upper_bound":0.2819607386250279},"point_estimate":0.0672118314170953,"standard_error":0.09612789554963859},"median":{"confidence_interval":{"confidence_level":0.95,"lower_bound":-0.33330358531448223,"upper_bound":1.003893096300355},"point_estimate":-0.11043766859226856,"standard_error":0.3800115949512554}}