{"mean":{"confidence_interval":{"confidence_level":0.95,"lower_bound":44424705.04507546,"upper_bound":44702938.39291034},"point_estimate":44560977.77783346,"standard_error":70998.89250579882},"median":{"confidence_interval":{"confidence_level":0.95,"lower_bound":44313515.88194445,"upper_bound":44679845.78637771},"point_estimate":44562902.9125,"standard_error":100009.81370996381},"median_abs_dev":{"confidence_interval":{"confidence_level":0.95,"lower_bound":138032.02199444617,"upper_bound":522019.4662448019},"point_estimate":369741.20493745094,"standard_error":100066.65236779522},"slope":{"confidence_interval":{"confidence_level":0.95,"lower_bound":44450386.536414295,"upper_bound":44734614.22776775},"point_estimate":44609481.111672476,"standard_error":72143.46114765493},"std_dev":{"confidence_interval":{"confidence_level":0.95,"lower_bound":220490.79916966468,"upper_bound":398823.6886538359},"point_estimate":325792.24555265316,"standard_error":45615.276370769956}}