{"mean":{"confidence_interval":{"confidence_level":0.95,"lower_bound":-0.15792666949485457,"upper_bound":0.07603088041813044},"point_estimate":-0.04828123869058787,"standard_error":0.06006432514848002},"median":{"confidence_interval":{"confidence_level":0.95,"lower_bound":-0.22138810961241429,"upper_bound":0.15973642284560596},"point_estimate":-0.09854654920661055,"standard_error":0.0836224711386917}}