{"mean":{"confidence_interval":{"confidence_level":0.95,"lower_bound":44345580.66433114,"upper_bound":44607686.807299666},"point_estimate":44463441.92752016,"standard_error":67383.31242616649},"median":{"confidence_interval":{"confidence_level":0.95,"lower_bound":44323985.84375,"upper_bound":44501147.96875},"point_estimate":44426643.486363634,"standard_error":53099.310737430795},"median_abs_dev":{"confidence_interval":{"confidence_level":0.95,"lower_bound":80892.96007004136,"upper_bound":283599.6205127584},"point_estimate":181221.10652354802,"standard_error":51941.25402313572},"slope":{"confidence_interval":{"confidence_level":0.95,"lower_bound":44316895.07534755,"upper_bound":44500188.4692588},"point_estimate":44405798.82029617,"standard_error":46600.4260846661},"std_dev":{"confidence_interval":{"confidence_level":0.95,"lower_bound":131859.51748040886,"upper_bound":451186.32670382125},"point_estimate":310042.1667803054,"standard_error":89110.60651086882}}