{"mean":{"confidence_interval":{"confidence_level":0.95,"lower_bound":95728434.27895835,"upper_bound":97198149.21833336},"point_estimate":96463685.825,"standard_error":377223.34221941844},"median":{"confidence_interval":{"confidence_level":0.95,"lower_bound":94994289.25,"upper_bound":97336733.83333334},"point_estimate":96680574.5,"standard_error":561398.6440522866},"median_abs_dev":{"confidence_interval":{"confidence_level":0.95,"lower_bound":961241.7161345445,"upper_bound":2975067.8856820017},"point_estimate":2476403.2917350493,"standard_error":657745.0452450187},"slope":null,"std_dev":{"confidence_interval":{"confidence_level":0.95,"lower_bound":1305670.8863670398,"upper_bound":2005904.287153679},"point_estimate":1729372.4912131769,"standard_error":178750.70768839357}}