{"mean":{"confidence_interval":{"confidence_level":0.95,"lower_bound":202756874.40875,"upper_bound":228654262.1625},"point_estimate":215447903.75,"standard_error":6652162.049464151},"median":{"confidence_interval":{"confidence_level":0.95,"lower_bound":197680456.875,"upper_bound":241711055.375},"point_estimate":197737877.5,"standard_error":13975949.20601273},"median_abs_dev":{"confidence_interval":{"confidence_level":0.95,"lower_bound":94152.14067846537,"upper_bound":48876151.491399854},"point_estimate":24547786.197839677,"standard_error":13691410.552636027},"slope":null,"std_dev":{"confidence_interval":{"confidence_level":0.95,"lower_bound":23377421.282165404,"upper_bound":34670692.58506778},"point_estimate":30590844.701799273,"standard_error":2865941.1818079}}