{"mean":{"confidence_interval":{"confidence_level":0.95,"lower_bound":0.05109171989222553,"upper_bound":0.291507150785468},"point_estimate":0.16714245217382273,"standard_error":0.061598933160671665},"median":{"confidence_interval":{"confidence_level":0.95,"lower_bound":0.11980438074481436,"upper_bound":0.5020898066470612},"point_estimate":0.31801095314383265,"standard_error":0.17350708816626428}}