{"mean":{"confidence_interval":{"confidence_level":0.95,"lower_bound":-0.005624166370133767,"upper_bound":0.2161754261051262},"point_estimate":0.10076200300554872,"standard_error":0.05660807609623526},"median":{"confidence_interval":{"confidence_level":0.95,"lower_bound":-0.0783894572573478,"upper_bound":0.3814732133466605},"point_estimate":0.30626146779747243,"standard_error":0.14980661241659649}}