{"mean":{"confidence_interval":{"confidence_level":0.95,"lower_bound":261855555.99279898,"upper_bound":262512186.95979378},"point_estimate":262202790.6757918,"standard_error":168551.51135300583},"median":{"confidence_interval":{"confidence_level":0.95,"lower_bound":261999793.95927602,"upper_bound":262647987.4005682},"point_estimate":262237594.01190478,"standard_error":184076.8915817561},"median_abs_dev":{"confidence_interval":{"confidence_level":0.95,"lower_bound":165634.97611708252,"upper_bound":1115380.6014264105},"point_estimate":413611.5624205713,"standard_error":229702.95335701987},"slope":{"confidence_interval":{"confidence_level":0.95,"lower_bound":262086546.47682083,"upper_bound":262607127.85694796},"point_estimate":262328091.69634145,"standard_error":135975.23724415817},"std_dev":{"confidence_interval":{"confidence_level":0.95,"lower_bound":425897.1286639271,"upper_bound":1043868.616239965},"point_estimate":774866.4811045761,"standard_error":163363.72570893783}}