{"mean":{"confidence_interval":{"confidence_level":0.95,"lower_bound":1250214400.8787498,"upper_bound":1717656722.165},"point_estimate":1495995669.45,"standard_error":119867707.33821869},"median":{"confidence_interval":{"confidence_level":0.95,"lower_bound":1501880813.5,"upper_bound":1794211273.0},"point_estimate":1642015196.0,"standard_error":105012343.79506974},"median_abs_dev":{"confidence_interval":{"confidence_level":0.95,"lower_bound":106455937.6335293,"upper_bound":753536967.4613446},"point_estimate":225645899.75418448,"standard_error":144722129.48343694},"slope":null,"std_dev":{"confidence_interval":{"confidence_level":0.95,"lower_bound":329397030.22930104,"upper_bound":664410835.4562596},"point_estimate":546355644.7742028,"standard_error":87072539.82139762}}