{"mean":{"confidence_interval":{"confidence_level":0.95,"lower_bound":60627775.963354886,"upper_bound":61735155.44633921},"point_estimate":61147901.60830085,"standard_error":284371.9393935947},"median":{"confidence_interval":{"confidence_level":0.95,"lower_bound":60000014.73803828,"upper_bound":61417599.21291209},"point_estimate":60800554.991830066,"standard_error":334416.72902334906},"median_abs_dev":{"confidence_interval":{"confidence_level":0.95,"lower_bound":289.27699223596693,"upper_bound":1778976.7063394797},"point_estimate":1186956.9129478866,"standard_error":442139.35001073993},"slope":{"confidence_interval":{"confidence_level":0.95,"lower_bound":60438817.40184327,"upper_bound":61057857.06383885},"point_estimate":60724681.62003484,"standard_error":157880.47258963392},"std_dev":{"confidence_interval":{"confidence_level":0.95,"lower_bound":770375.6355088856,"upper_bound":1624246.4663603483},"point_estimate":1308394.8754056932,"standard_error":216964.59708795472}}