{"mean":{"confidence_interval":{"confidence_level":0.95,"lower_bound":66580813.27919832,"upper_bound":68584209.28903382},"point_estimate":67589551.61381617,"standard_error":513384.0608033273},"median":{"confidence_interval":{"confidence_level":0.95,"lower_bound":65863386.78918651,"upper_bound":69402782.23008242},"point_estimate":67941302.82539684,"standard_error":820730.2515107678},"median_abs_dev":{"confidence_interval":{"confidence_level":0.95,"lower_bound":1295339.0358706317,"upper_bound":4044054.5249870117},"point_estimate":2606374.0552592664,"standard_error":741352.4999376014},"slope":{"confidence_interval":{"confidence_level":0.95,"lower_bound":65261468.30655189,"upper_bound":67873284.49126722},"point_estimate":66397529.887257345,"standard_error":670526.6404028668},"std_dev":{"confidence_interval":{"confidence_level":0.95,"lower_bound":1788267.5423310213,"upper_bound":2706273.1714410386},"point_estimate":2358029.6967677767,"standard_error":234220.32793590828}}