{"mean":{"confidence_interval":{"confidence_level":0.95,"lower_bound":968282092.95,"upper_bound":972032378.5130001},"point_estimate":970120600.2999998,"standard_error":961156.9304612636},"median":{"confidence_interval":{"confidence_level":0.95,"lower_bound":967194793.8,"upper_bound":972023209.7},"point_estimate":970158270.5,"standard_error":1488802.1201826222},"median_abs_dev":{"confidence_interval":{"confidence_level":0.95,"lower_bound":998887.0545262452,"upper_bound":7335958.93292073},"point_estimate":3389501.230804342,"standard_error":1503732.9504729642},"slope":null,"std_dev":{"confidence_interval":{"confidence_level":0.95,"lower_bound":3009174.047588112,"upper_bound":5421757.591132726},"point_estimate":4404740.706523742,"standard_error":619139.887962251}}