{"mean":{"confidence_interval":{"confidence_level":0.95,"lower_bound":219452893.85375,"upper_bound":255532171.4496875},"point_estimate":237241181.5375,"standard_error":9250737.388397511},"median":{"confidence_interval":{"confidence_level":0.95,"lower_bound":198220927.125,"upper_bound":263165687.25},"point_estimate":225711059.125,"standard_error":21198785.9522972},"median_abs_dev":{"confidence_interval":{"confidence_level":0.95,"lower_bound":11151454.465147108,"upper_bound":68850671.26283124},"point_estimate":49600906.58915788,"standard_error":15839205.443774072},"slope":null,"std_dev":{"confidence_interval":{"confidence_level":0.95,"lower_bound":33329980.81584868,"upper_bound":47621542.17848617},"point_estimate":42458229.84481712,"standard_error":3651967.4015729427}}