{"mean":{"confidence_interval":{"confidence_level":0.95,"lower_bound":0.02139274026237093,"upper_bound":0.19754224955514285},"point_estimate":0.10629368912091253,"standard_error":0.04533601547410271},"median":{"confidence_interval":{"confidence_level":0.95,"lower_bound":0.00010466540999565233,"upper_bound":0.3339421806784604},"point_estimate":0.3332929444260406,"standard_error":0.12810979479225193}}