{"mean":{"confidence_interval":{"confidence_level":0.95,"lower_bound":154996477.20249996,"upper_bound":171921661.84924996},"point_estimate":163560225.41000003,"standard_error":4319656.232603863},"median":{"confidence_interval":{"confidence_level":0.95,"lower_bound":152560441.1,"upper_bound":173768366.8},"point_estimate":170161985.4,"standard_error":6251061.440540931},"median_abs_dev":{"confidence_interval":{"confidence_level":0.95,"lower_bound":3036755.559446803,"upper_bound":35003902.79499651},"point_estimate":21366125.838895444,"standard_error":9680047.610494789},"slope":null,"std_dev":{"confidence_interval":{"confidence_level":0.95,"lower_bound":14492320.88547132,"upper_bound":23246403.160289463},"point_estimate":19800296.699321534,"standard_error":2226000.511388657}}