{"mean":{"confidence_interval":{"confidence_level":0.95,"lower_bound":31255106238.341248,"upper_bound":31353698071.25125},"point_estimate":31304102302.95,"standard_error":25098562.358592592},"median":{"confidence_interval":{"confidence_level":0.95,"lower_bound":31240636646.5,"upper_bound":31337772637.5},"point_estimate":31304193302.0,"standard_error":30795917.26444028},"median_abs_dev":{"confidence_interval":{"confidence_level":0.95,"lower_bound":51710173.7729609,"upper_bound":187326838.7766838},"point_estimate":108376691.11872911,"standard_error":35313520.31773572},"slope":null,"std_dev":{"confidence_interval":{"confidence_level":0.95,"lower_bound":79799954.6337671,"upper_bound":140636938.0463755},"point_estimate":114818323.02650373,"standard_error":15485764.59357707}}