{"mean":{"confidence_interval":{"confidence_level":0.95,"lower_bound":285498201.60749996,"upper_bound":327139572.7415625},"point_estimate":306490611.3125,"standard_error":10655683.31302284},"median":{"confidence_interval":{"confidence_level":0.95,"lower_bound":263715276.375,"upper_bound":345167750.875},"point_estimate":328192315.125,"standard_error":28482029.58019217},"median_abs_dev":{"confidence_interval":{"confidence_level":0.95,"lower_bound":17752827.587599307,"upper_bound":75619982.93210194},"point_estimate":62957383.440008014,"standard_error":16669714.266146515},"slope":null,"std_dev":{"confidence_interval":{"confidence_level":0.95,"lower_bound":39935274.8353867,"upper_bound":54399998.228906624},"point_estimate":49118414.664404884,"standard_error":3668721.460873821}}