{"mean":{"confidence_interval":{"confidence_level":0.95,"lower_bound":44049582.12082765,"upper_bound":44704686.2124855},"point_estimate":44324708.96037035,"standard_error":171553.9282180694},"median":{"confidence_interval":{"confidence_level":0.95,"lower_bound":43999546.06428571,"upper_bound":44011694.25},"point_estimate":44000861.08333333,"standard_error":26423.240488935127},"median_abs_dev":{"confidence_interval":{"confidence_level":0.95,"lower_bound":1549.0919350004876,"upper_bound":27176.636658143252},"point_estimate":6424.9628140591085,"standard_error":38765.50721729986},"slope":{"confidence_interval":{"confidence_level":0.95,"lower_bound":44030909.561915405,"upper_bound":45135272.48878199},"point_estimate":44555652.09651568,"standard_error":274226.9913136075},"std_dev":{"confidence_interval":{"confidence_level":0.95,"lower_bound":131604.2175045822,"upper_bound":1181081.6723098492},"point_estimate":787100.2468751853,"standard_error":286456.7091966512}}