{"mean":{"confidence_interval":{"confidence_level":0.95,"lower_bound":-0.09474072027465501,"upper_bound":0.21738665445519306},"point_estimate":0.03700014553486963,"standard_error":0.07986435190333291},"median":{"confidence_interval":{"confidence_level":0.95,"lower_bound":-0.2353624268380985,"upper_bound":0.5559426813252055},"point_estimate":-0.12925554617538282,"standard_error":0.19082069234350693}}