{"mean":{"confidence_interval":{"confidence_level":0.95,"lower_bound":0.008789250620856701,"upper_bound":0.02757001528090687},"point_estimate":0.01793106837134073,"standard_error":0.004814090631734799},"median":{"confidence_interval":{"confidence_level":0.95,"lower_bound":0.0016698926286651261,"upper_bound":0.030581771590497464},"point_estimate":0.01236583549294834,"standard_error":0.00784171793986404}}