{"mean":{"confidence_interval":{"confidence_level":0.95,"lower_bound":737637968.2667501,"upper_bound":880548750.74},"point_estimate":805634682.07,"standard_error":36577368.0116282},"median":{"confidence_interval":{"confidence_level":0.95,"lower_bound":614217487.0,"upper_bound":747638028.0},"point_estimate":661403392.0,"standard_error":33880548.73734235},"median_abs_dev":{"confidence_interval":{"confidence_level":0.95,"lower_bound":145194369.06348467,"upper_bound":299359544.3353057},"point_estimate":192337016.29583538,"standard_error":38783364.37926396},"slope":null,"std_dev":{"confidence_interval":{"confidence_level":0.95,"lower_bound":273507196.45207787,"upper_bound":454606638.03040826},"point_estimate":367698492.84235513,"standard_error":46507824.31417033}}