{"mean":{"confidence_interval":{"confidence_level":0.95,"lower_bound":87990956.7912696,"upper_bound":88002600.84563276},"point_estimate":87997441.23765777,"standard_error":2994.403026671937},"median":{"confidence_interval":{"confidence_level":0.95,"lower_bound":87997235.26111111,"upper_bound":88000758.90625},"point_estimate":87999274.31578948,"standard_error":972.8616046497045},"median_abs_dev":{"confidence_interval":{"confidence_level":0.95,"lower_bound":1475.7293219493365,"upper_bound":11527.871856694966},"point_estimate":4784.754764534582,"standard_error":2776.307653137132},"slope":{"confidence_interval":{"confidence_level":0.95,"lower_bound":87997985.39643486,"upper_bound":88001444.42788035},"point_estimate":87999520.96376307,"standard_error":881.599507168328},"std_dev":{"confidence_interval":{"confidence_level":0.95,"lower_bound":5355.206534247127,"upper_bound":20446.55241918445},"point_estimate":13721.798945284247,"standard_error":4266.914540137188}}