{"mean":{"confidence_interval":{"confidence_level":0.95,"lower_bound":0.04292356035695009,"upper_bound":0.2912528418624521},"point_estimate":0.16071667876427465,"standard_error":0.0632987959392648},"median":{"confidence_interval":{"confidence_level":0.95,"lower_bound":-0.03880060592061707,"upper_bound":0.5331900624198602},"point_estimate":0.3393525577710579,"standard_error":0.1760901127224739}}