{"mean":{"confidence_interval":{"confidence_level":0.95,"lower_bound":181348572.88375,"upper_bound":203955293.255},"point_estimate":192848084.15,"standard_error":6023175.38628996},"median":{"confidence_interval":{"confidence_level":0.95,"lower_bound":164718209.75,"upper_bound":219699674.5},"point_estimate":197644012.375,"standard_error":23503508.716522276},"median_abs_dev":{"confidence_interval":{"confidence_level":0.95,"lower_bound":50621.1522012949,"upper_bound":40144768.49956289},"point_estimate":32760583.146983385,"standard_error":13274849.58925988},"slope":null,"std_dev":{"confidence_interval":{"confidence_level":0.95,"lower_bound":24014745.409029588,"upper_bound":28120504.107677713},"point_estimate":27651017.059548154,"standard_error":1119395.587617304}}