{"mean":{"confidence_interval":{"confidence_level":0.95,"lower_bound":18331192938.98375,"upper_bound":20256406004.087498},"point_estimate":19277897744.625,"standard_error":490753990.58574545},"median":{"confidence_interval":{"confidence_level":0.95,"lower_bound":17861056891.25,"upper_bound":20284998308.25},"point_estimate":19074009348.25,"standard_error":688218086.1155915},"median_abs_dev":{"confidence_interval":{"confidence_level":0.95,"lower_bound":1123966573.1362045,"upper_bound":3438161735.7203274},"point_estimate":1869572714.5189495,"standard_error":681540598.3027052},"slope":null,"std_dev":{"confidence_interval":{"confidence_level":0.95,"lower_bound":1525529679.495265,"upper_bound":2802917580.9957695},"point_estimate":2254990240.2164454,"standard_error":324162239.5640452}}