{"mean":{"confidence_interval":{"confidence_level":0.95,"lower_bound":-0.08510075823086662,"upper_bound":0.07731099670670268},"point_estimate":-0.003413020622691554,"standard_error":0.041395173526022795},"median":{"confidence_interval":{"confidence_level":0.95,"lower_bound":-0.06967204601840882,"upper_bound":0.22059801337229779},"point_estimate":-0.049115980925701685,"standard_error":0.09780861848348799}}