{"mean":{"confidence_interval":{"confidence_level":0.95,"lower_bound":-0.13796779192208458,"upper_bound":0.10829960590591171},"point_estimate":-0.020892100000577063,"standard_error":0.06310122906573942},"median":{"confidence_interval":{"confidence_level":0.95,"lower_bound":-0.3336344409092584,"upper_bound":0.4999528286714021},"point_estimate":-0.005578915926896633,"standard_error":0.21650818422399282}}