{"mean":{"confidence_interval":{"confidence_level":0.95,"lower_bound":0.037548859889703357,"upper_bound":0.42446309394792786},"point_estimate":0.2082816586304279,"standard_error":0.09893537269966367},"median":{"confidence_interval":{"confidence_level":0.95,"lower_bound":-0.16814648465091786,"upper_bound":0.9130326537305968},"point_estimate":0.289975799246057,"standard_error":0.35840077449152113}}