{"mean":{"confidence_interval":{"confidence_level":0.95,"lower_bound":30.02413372560325,"upper_bound":30.042287563997764},"point_estimate":30.03212276818192,"standard_error":0.00465030045123589},"median":{"confidence_interval":{"confidence_level":0.95,"lower_bound":30.019424271495833,"upper_bound":30.03295245097326},"point_estimate":30.02612416456919,"standard_error":0.0031440791139286718},"median_abs_dev":{"confidence_interval":{"confidence_level":0.95,"lower_bound":0.011278913867937742,"upper_bound":0.027403176166662973},"point_estimate":0.019234819285962712,"standard_error":0.004473891919918713},"slope":{"confidence_interval":{"confidence_level":0.95,"lower_bound":30.019944464094745,"upper_bound":30.03321016426659},"point_estimate":30.026371809672238,"standard_error":0.0033927038642487303},"std_dev":{"confidence_interval":{"confidence_level":0.95,"lower_bound":0.017001431646981115,"upper_bound":0.049774529756909734},"point_estimate":0.033241280018813046,"standard_error":0.009886550269767116}}