{"mean":{"confidence_interval":{"confidence_level":0.95,"lower_bound":87994505.65313935,"upper_bound":88001212.4326282},"point_estimate":87998082.04085228,"standard_error":1706.4260680817222},"median":{"confidence_interval":{"confidence_level":0.95,"lower_bound":87995445.04017857,"upper_bound":88003645.75},"point_estimate":87999951.38636363,"standard_error":1705.7175611703758},"median_abs_dev":{"confidence_interval":{"confidence_level":0.95,"lower_bound":2369.470097939178,"upper_bound":10708.434816668943},"point_estimate":6897.681990353288,"standard_error":1882.199005115127},"slope":{"confidence_interval":{"confidence_level":0.95,"lower_bound":87997543.97264437,"upper_bound":88002458.80130845},"point_estimate":88000161.63379791,"standard_error":1252.3924538141036},"std_dev":{"confidence_interval":{"confidence_level":0.95,"lower_bound":4546.847002815003,"upper_bound":10057.10365932758},"point_estimate":7786.59771258789,"standard_error":1430.063165354972}}