{"mean":{"confidence_interval":{"confidence_level":0.95,"lower_bound":85316570.67299971,"upper_bound":87701629.73291388},"point_estimate":86467625.33935204,"standard_error":610145.4463449995},"median":{"confidence_interval":{"confidence_level":0.95,"lower_bound":85224449.83928572,"upper_bound":87072604.37916666},"point_estimate":86303338.32932693,"standard_error":483332.84623435984},"median_abs_dev":{"confidence_interval":{"confidence_level":0.95,"lower_bound":915065.3681302228,"upper_bound":3830724.9811114925},"point_estimate":1722290.243498236,"standard_error":817206.3375468754},"slope":{"confidence_interval":{"confidence_level":0.95,"lower_bound":85794206.02911896,"upper_bound":87627025.3734126},"point_estimate":86724885.89285715,"standard_error":471365.411676592},"std_dev":{"confidence_interval":{"confidence_level":0.95,"lower_bound":1676181.5133741337,"upper_bound":3622881.460755492},"point_estimate":2799704.9279368594,"standard_error":502391.23883327097}}