{"mean":{"confidence_interval":{"confidence_level":0.95,"lower_bound":210499051.00375003,"upper_bound":237421773.7734375},"point_estimate":224188193.2375,"standard_error":6889206.973478316},"median":{"confidence_interval":{"confidence_level":0.95,"lower_bound":195176355.5,"upper_bound":243200722.5},"point_estimate":240676162.75,"standard_error":16017219.00608217},"median_abs_dev":{"confidence_interval":{"confidence_level":0.95,"lower_bound":3009892.5529137254,"upper_bound":45216272.0987007},"point_estimate":29587100.14232397,"standard_error":10809819.625591276},"slope":null,"std_dev":{"confidence_interval":{"confidence_level":0.95,"lower_bound":24861823.49068691,"upper_bound":34977213.25211664},"point_estimate":31519121.606859673,"standard_error":2561643.3529227027}}