{"mean":{"confidence_interval":{"confidence_level":0.95,"lower_bound":33498307.238573346,"upper_bound":34715981.53808879},"point_estimate":34102581.61038755,"standard_error":311763.25763101934},"median":{"confidence_interval":{"confidence_level":0.95,"lower_bound":33172740.14285714,"upper_bound":35197010.234848484},"point_estimate":33980936.670634925,"standard_error":481904.2450200357},"median_abs_dev":{"confidence_interval":{"confidence_level":0.95,"lower_bound":853200.1457988233,"upper_bound":2405110.4229198024},"point_estimate":2092707.6982560651,"standard_error":416343.8787176425},"slope":{"confidence_interval":{"confidence_level":0.95,"lower_bound":33293365.564773288,"upper_bound":34646527.6464429},"point_estimate":33973103.98247884,"standard_error":343466.269469141},"std_dev":{"confidence_interval":{"confidence_level":0.95,"lower_bound":1079987.6272792255,"upper_bound":1659261.6158768458},"point_estimate":1429111.2667512225,"standard_error":147542.63924143557}}