{"mean":{"confidence_interval":{"confidence_level":0.95,"lower_bound":142806765.7096875,"upper_bound":160454213.846875},"point_estimate":151651414.5625,"standard_error":4842770.470648023},"median":{"confidence_interval":{"confidence_level":0.95,"lower_bound":131722752.0,"upper_bound":175684557.5},"point_estimate":132738663.125,"standard_error":18368494.860039156},"median_abs_dev":{"confidence_interval":{"confidence_level":0.95,"lower_bound":49456.19927197695,"upper_bound":31929029.516096413},"point_estimate":1582921.5834975243,"standard_error":11370237.653640239},"slope":null,"std_dev":{"confidence_interval":{"confidence_level":0.95,"lower_bound":19360879.136722405,"upper_bound":22513282.505447496},"point_estimate":22315416.809973434,"standard_error":997047.5879048589}}