{"mean":{"confidence_interval":{"confidence_level":0.95,"lower_bound":-0.07885753386100758,"upper_bound":0.15594732712135112},"point_estimate":0.03146439082404462,"standard_error":0.060145196750526944},"median":{"confidence_interval":{"confidence_level":0.95,"lower_bound":-0.20583891386859826,"upper_bound":0.376155142910126},"point_estimate":0.12168692152162963,"standard_error":0.16702314993512576}}