{"mean":{"confidence_interval":{"confidence_level":0.95,"lower_bound":-0.000059302786472456566,"upper_bound":0.00007644887981201328},"point_estimate":6.395485355303876e-6,"standard_error":0.00003423246901952589},"median":{"confidence_interval":{"confidence_level":0.95,"lower_bound":-4.710669505691989e-6,"upper_bound":0.000019091557066364118},"point_estimate":2.900461713917224e-6,"standard_error":5.452409056275268e-6}}