{"mean":{"confidence_interval":{"confidence_level":0.95,"lower_bound":-0.014693315741904484,"upper_bound":0.22771957756826292},"point_estimate":0.10210509530009748,"standard_error":0.06189867706147858},"median":{"confidence_interval":{"confidence_level":0.95,"lower_bound":-0.24377461718203575,"upper_bound":0.5020910775523273},"point_estimate":0.13483267039077385,"standard_error":0.1866134228662509}}