{"mean":{"confidence_interval":{"confidence_level":0.95,"lower_bound":240267910.775,"upper_bound":267596226.37500003},"point_estimate":253931958.26666665,"standard_error":6981892.997912064},"median":{"confidence_interval":{"confidence_level":0.95,"lower_bound":229329775.6666667,"upper_bound":279991376.8333334},"point_estimate":262670200.83333334,"standard_error":17523212.889094554},"median_abs_dev":{"confidence_interval":{"confidence_level":0.95,"lower_bound":8875567.692527175,"upper_bound":51356788.16203478},"point_estimate":41512634.44730343,"standard_error":11746136.133079723},"slope":null,"std_dev":{"confidence_interval":{"confidence_level":0.95,"lower_bound":25124964.678331785,"upper_bound":36545416.608349636},"point_estimate":31990945.737413842,"standard_error":2916497.370891604}}