{"mean":{"confidence_interval":{"confidence_level":0.95,"lower_bound":0.0023804154548722647,"upper_bound":1.1872767962348898},"point_estimate":0.3849748483861051,"standard_error":0.3108208970722614},"median":{"confidence_interval":{"confidence_level":0.95,"lower_bound":-0.2398258270567898,"upper_bound":13614.29317573718},"point_estimate":-0.21052555889378355,"standard_error":4079.625588426786}}