{"mean":{"confidence_interval":{"confidence_level":0.95,"lower_bound":325120125.5225,"upper_bound":385671399.955},"point_estimate":356174784.0833334,"standard_error":15451083.245818205},"median":{"confidence_interval":{"confidence_level":0.95,"lower_bound":317525098.0,"upper_bound":386259128.6666667},"point_estimate":382263981.8333334,"standard_error":19297721.380790085},"median_abs_dev":{"confidence_interval":{"confidence_level":0.95,"lower_bound":4956728.554600462,"upper_bound":115670299.92934164},"point_estimate":27727681.32383524,"standard_error":36780728.441586316},"slope":null,"std_dev":{"confidence_interval":{"confidence_level":0.95,"lower_bound":51037140.22249223,"upper_bound":82071994.41766663},"point_estimate":70994372.49011162,"standard_error":7810920.350203546}}