{"mean":{"confidence_interval":{"confidence_level":0.95,"lower_bound":119340069.14275,"upper_bound":120736520.79625},"point_estimate":120039121.35999998,"standard_error":358962.28320984385},"median":{"confidence_interval":{"confidence_level":0.95,"lower_bound":119226776.69999999,"upper_bound":120817279.1},"point_estimate":119990143.7,"standard_error":405105.0681647249},"median_abs_dev":{"confidence_interval":{"confidence_level":0.95,"lower_bound":676541.7991089865,"upper_bound":2401850.653218618},"point_estimate":1809272.345378995,"standard_error":516515.9577134858},"slope":null,"std_dev":{"confidence_interval":{"confidence_level":0.95,"lower_bound":1127502.717918007,"upper_bound":2033941.2731716002},"point_estimate":1644439.8360801155,"standard_error":230830.47100912716}}