{"mean":{"confidence_interval":{"confidence_level":0.95,"lower_bound":822798961.33625,"upper_bound":880894081.071875},"point_estimate":850998037.6,"standard_error":14840615.886551833},"median":{"confidence_interval":{"confidence_level":0.95,"lower_bound":795024223.25,"upper_bound":882020005.25},"point_estimate":844020536.25,"standard_error":22543339.618607897},"median_abs_dev":{"confidence_interval":{"confidence_level":0.95,"lower_bound":35620972.17180133,"upper_bound":103835505.56120127},"point_estimate":77096702.72895992,"standard_error":17773953.06813966},"slope":null,"std_dev":{"confidence_interval":{"confidence_level":0.95,"lower_bound":46129617.87145161,"upper_bound":85990761.0908626},"point_estimate":68134194.13924067,"standard_error":10481398.6122249}}