{"mean":{"confidence_interval":{"confidence_level":0.95,"lower_bound":155415382.5803125,"upper_bound":171407054.7121875},"point_estimate":163104976.6875,"standard_error":4116146.797203494},"median":{"confidence_interval":{"confidence_level":0.95,"lower_bound":153726589.75,"upper_bound":164712789.625},"point_estimate":164690401.375,"standard_error":4014256.554266801},"median_abs_dev":{"confidence_interval":{"confidence_level":0.95,"lower_bound":34291.79609119892,"upper_bound":32583008.070985973},"point_estimate":15528232.843668759,"standard_error":9369875.373692043},"slope":null,"std_dev":{"confidence_interval":{"confidence_level":0.95,"lower_bound":10005450.550222164,"upper_bound":24170583.621418096},"point_estimate":18948721.6705581,"standard_error":3487510.138693}}