{"mean":{"confidence_interval":{"confidence_level":0.95,"lower_bound":44022868.32771993,"upper_bound":44224822.78092},"point_estimate":44106953.54484733,"standard_error":52854.26653936403},"median":{"confidence_interval":{"confidence_level":0.95,"lower_bound":43999097.91818182,"upper_bound":44072802.33333333},"point_estimate":44002633.90625,"standard_error":20474.616056657906},"median_abs_dev":{"confidence_interval":{"confidence_level":0.95,"lower_bound":2818.151181220182,"upper_bound":110711.60601196888},"point_estimate":7313.4597102376565,"standard_error":29386.842015825525},"slope":{"confidence_interval":{"confidence_level":0.95,"lower_bound":44014619.62866499,"upper_bound":44113308.174225494},"point_estimate":44059368.06027874,"standard_error":25418.27677682972},"std_dev":{"confidence_interval":{"confidence_level":0.95,"lower_bound":57128.1923220753,"upper_bound":367698.7620089965},"point_estimate":242678.09938509966,"standard_error":90025.23980444588}}