{"mean":{"confidence_interval":{"confidence_level":0.95,"lower_bound":180310075.3,"upper_bound":222447585.36999997},"point_estimate":200025851.86,"standard_error":10802395.72082074},"median":{"confidence_interval":{"confidence_level":0.95,"lower_bound":145295970.0,"upper_bound":170466865.0},"point_estimate":152913578.5,"standard_error":6814573.231615031},"median_abs_dev":{"confidence_interval":{"confidence_level":0.95,"lower_bound":24792293.990948796,"upper_bound":56022283.179205656},"point_estimate":36073350.48877001,"standard_error":8064631.862677816},"slope":null,"std_dev":{"confidence_interval":{"confidence_level":0.95,"lower_bound":76731707.86920896,"upper_bound":135275694.40190205},"point_estimate":108460872.32068503,"standard_error":14990241.742402509}}