{"mean":{"confidence_interval":{"confidence_level":0.95,"lower_bound":140520367.659375,"upper_bound":158364718.0990625},"point_estimate":149416266.5625,"standard_error":4844422.534412067},"median":{"confidence_interval":{"confidence_level":0.95,"lower_bound":131716784.125,"upper_bound":175711604.75},"point_estimate":131737579.375,"standard_error":15351077.90847344},"median_abs_dev":{"confidence_interval":{"confidence_level":0.95,"lower_bound":21362.597695738077,"upper_bound":32629247.584290057},"point_estimate":58741.53758212924,"standard_error":10414903.877372703},"slope":null,"std_dev":{"confidence_interval":{"confidence_level":0.95,"lower_bound":18060297.856375165,"upper_bound":22774077.224661265},"point_estimate":22241419.322297722,"standard_error":1376939.167307154}}