{"mean":{"confidence_interval":{"confidence_level":0.95,"lower_bound":-0.09240056233679549,"upper_bound":0.33332396901210637},"point_estimate":0.0991821288915431,"standard_error":0.11008780277921963},"median":{"confidence_interval":{"confidence_level":0.95,"lower_bound":-0.3354725241851718,"upper_bound":1.0020206458789427},"point_estimate":0.33005475345735147,"standard_error":0.4779760256613161}}