{"mean":{"confidence_interval":{"confidence_level":0.95,"lower_bound":-0.11193706980461005,"upper_bound":0.08872732650445521},"point_estimate":-0.018751863356482268,"standard_error":0.05117027667224838},"median":{"confidence_interval":{"confidence_level":0.95,"lower_bound":-0.2499169205769296,"upper_bound":0.31357093776410117},"point_estimate":-0.24975895130547887,"standard_error":0.16018604696252584}}