{"mean":{"confidence_interval":{"confidence_level":0.95,"lower_bound":292441673.77875,"upper_bound":335135178.0215624},"point_estimate":313578550.85,"standard_error":10923752.05555627},"median":{"confidence_interval":{"confidence_level":0.95,"lower_bound":272184235.375,"upper_bound":349693307.625},"point_estimate":294680509.75,"standard_error":24783903.67104232},"median_abs_dev":{"confidence_interval":{"confidence_level":0.95,"lower_bound":20718349.815125763,"upper_bound":83031838.2333152},"point_estimate":60027604.659271985,"standard_error":15477408.156058077},"slope":null,"std_dev":{"confidence_interval":{"confidence_level":0.95,"lower_bound":39600942.99729211,"upper_bound":56354878.42769654},"point_estimate":50203557.0789004,"standard_error":4266389.298983255}}