{"mean":{"confidence_interval":{"confidence_level":0.95,"lower_bound":1361577420.104375,"upper_bound":1819179903.0918748},"point_estimate":1590080717.0,"standard_error":117278929.58020554},"median":{"confidence_interval":{"confidence_level":0.95,"lower_bound":1085387373.75,"upper_bound":1969329333.25},"point_estimate":1865416856.75,"standard_error":324512354.46732837},"median_abs_dev":{"confidence_interval":{"confidence_level":0.95,"lower_bound":155826140.917933,"upper_bound":799095269.814223},"point_estimate":647804174.266027,"standard_error":180956238.63033667},"slope":null,"std_dev":{"confidence_interval":{"confidence_level":0.95,"lower_bound":442279015.4860741,"upper_bound":589567150.11909},"point_estimate":536588760.4182434,"standard_error":37451488.31070345}}