{"mean":{"confidence_interval":{"confidence_level":0.95,"lower_bound":27986748905.02,"upper_bound":28164771585.217503},"point_estimate":28069174848.8,"standard_error":45396321.58511526},"median":{"confidence_interval":{"confidence_level":0.95,"lower_bound":27946939279.0,"upper_bound":28143837051.5},"point_estimate":28005554795.5,"standard_error":51035592.31980231},"median_abs_dev":{"confidence_interval":{"confidence_level":0.95,"lower_bound":77476886.5815103,"upper_bound":266713338.5871917},"point_estimate":161139400.41930377,"standard_error":51004626.41140425},"slope":null,"std_dev":{"confidence_interval":{"confidence_level":0.95,"lower_bound":118985528.73078918,"upper_bound":280553568.5114334},"point_estimate":208667403.8364886,"standard_error":43345842.198553175}}