{"mean":{"confidence_interval":{"confidence_level":0.95,"lower_bound":-0.03218832722148906,"upper_bound":0.139180325504279},"point_estimate":0.050832312153531234,"standard_error":0.04380894557687295},"median":{"confidence_interval":{"confidence_level":0.95,"lower_bound":-0.19976722361574584,"upper_bound":0.33425749209818845},"point_estimate":0.2033410514668681,"standard_error":0.15730967885392796}}