{"mean":{"confidence_interval":{"confidence_level":0.95,"lower_bound":141240400.216,"upper_bound":149877048.25775003},"point_estimate":145438372.98000002,"standard_error":2213707.816802493},"median":{"confidence_interval":{"confidence_level":0.95,"lower_bound":139604121.60000002,"upper_bound":149600226.7},"point_estimate":143597189.0,"standard_error":2697128.0648075994},"median_abs_dev":{"confidence_interval":{"confidence_level":0.95,"lower_bound":4134141.9601642997,"upper_bound":16609051.56033039},"point_estimate":8900103.53601158,"standard_error":3232100.8011213597},"slope":null,"std_dev":{"confidence_interval":{"confidence_level":0.95,"lower_bound":6980150.420598589,"upper_bound":12063489.280822558},"point_estimate":10137444.45516809,"standard_error":1295125.8359856573}}