{"mean":{"confidence_interval":{"confidence_level":0.95,"lower_bound":95502408.29999998,"upper_bound":97469391.31104165},"point_estimate":96500936.30000001,"standard_error":503326.42553827167},"median":{"confidence_interval":{"confidence_level":0.95,"lower_bound":94687458.08333334,"upper_bound":97994877.25},"point_estimate":97024627.75,"standard_error":962617.6934149901},"median_abs_dev":{"confidence_interval":{"confidence_level":0.95,"lower_bound":977651.873943217,"upper_bound":3897187.495011091},"point_estimate":2923283.0160513483,"standard_error":715343.8283633708},"slope":null,"std_dev":{"confidence_interval":{"confidence_level":0.95,"lower_bound":1724251.7753291673,"upper_bound":2686334.98653286},"point_estimate":2305319.17668175,"standard_error":245650.9587672533}}