{"mean":{"confidence_interval":{"confidence_level":0.95,"lower_bound":723974857.758125,"upper_bound":788380016.2275},"point_estimate":759081617.025,"standard_error":16414429.400736032},"median":{"confidence_interval":{"confidence_level":0.95,"lower_bound":751234831.25,"upper_bound":811367483.5},"point_estimate":778664419.0,"standard_error":20620044.031648874},"median_abs_dev":{"confidence_interval":{"confidence_level":0.95,"lower_bound":17034870.2107206,"upper_bound":95947812.39298582},"point_estimate":54871350.82718879,"standard_error":22629461.55177607},"slope":null,"std_dev":{"confidence_interval":{"confidence_level":0.95,"lower_bound":40686643.119723655,"upper_bound":103581463.02712868},"point_estimate":75232290.32886368,"standard_error":17315964.83881996}}