{"mean":{"confidence_interval":{"confidence_level":0.95,"lower_bound":-0.00019444835122799927,"upper_bound":0.0005397520574587253},"point_estimate":0.00014974592182293023,"standard_error":0.00019357288725613343},"median":{"confidence_interval":{"confidence_level":0.95,"lower_bound":-0.00006468544287441258,"upper_bound":0.000050541969522699404},"point_estimate":-3.501904551894697e-7,"standard_error":0.000027501752042825932}}