{"mean":{"confidence_interval":{"confidence_level":0.95,"lower_bound":87990975.2562667,"upper_bound":88004718.21167107},"point_estimate":87998628.80593547,"standard_error":3537.6684724097163},"median":{"confidence_interval":{"confidence_level":0.95,"lower_bound":87996734.32291666,"upper_bound":88006500.38333333},"point_estimate":88000904.05576923,"standard_error":2377.0910464319204},"median_abs_dev":{"confidence_interval":{"confidence_level":0.95,"lower_bound":3529.3210006758513,"upper_bound":17034.30768758206},"point_estimate":11127.75164192009,"standard_error":4125.648938559344},"slope":{"confidence_interval":{"confidence_level":0.95,"lower_bound":87997408.14177534,"upper_bound":88001539.91488728},"point_estimate":87999449.71045296,"standard_error":1046.744290211387},"std_dev":{"confidence_interval":{"confidence_level":0.95,"lower_bound":7257.994623943036,"upper_bound":24032.275251395287},"point_estimate":16149.129070434454,"standard_error":4882.33969238695}}