{"mean":{"confidence_interval":{"confidence_level":0.95,"lower_bound":173108199.60125,"upper_bound":197803568.923125},"point_estimate":185153820.7,"standard_error":6256908.770761137},"median":{"confidence_interval":{"confidence_level":0.95,"lower_bound":164709575.25,"upper_bound":219649680.875},"point_estimate":164734886.0,"standard_error":13820757.53431024},"median_abs_dev":{"confidence_interval":{"confidence_level":0.95,"lower_bound":28329.705622047186,"upper_bound":41406450.14298856},"point_estimate":70078.05295586586,"standard_error":10665229.180882383},"slope":null,"std_dev":{"confidence_interval":{"confidence_level":0.95,"lower_bound":20162625.374450065,"upper_bound":31374749.620630592},"point_estimate":28653304.5167055,"standard_error":2674349.1849162364}}