{"mean":{"confidence_interval":{"confidence_level":0.95,"lower_bound":88011812.10741922,"upper_bound":88135675.4781885},"point_estimate":88067094.48830299,"standard_error":31942.103905045482},"median":{"confidence_interval":{"confidence_level":0.95,"lower_bound":87999618.75833333,"upper_bound":88012041.13095239},"point_estimate":88001247.04483432,"standard_error":9251.333530651846},"median_abs_dev":{"confidence_interval":{"confidence_level":0.95,"lower_bound":2350.891886546861,"upper_bound":57179.38023487728},"point_estimate":8112.215195980338,"standard_error":16180.161988963508},"slope":{"confidence_interval":{"confidence_level":0.95,"lower_bound":88019209.93065909,"upper_bound":88229410.85455571},"point_estimate":88116505.3873403,"standard_error":53640.71002493962},"std_dev":{"confidence_interval":{"confidence_level":0.95,"lower_bound":40391.40850361623,"upper_bound":201734.2607915608},"point_estimate":146710.67988859263,"standard_error":39138.913867701}}