{"mean":{"confidence_interval":{"confidence_level":0.95,"lower_bound":-0.001841469470828856,"upper_bound":0.24036544493392492},"point_estimate":0.11212764732684444,"standard_error":0.061892993097120284},"median":{"confidence_interval":{"confidence_level":0.95,"lower_bound":-0.08090286736895613,"upper_bound":0.5019534046399545},"point_estimate":0.4271607199607188,"standard_error":0.20999986311976987}}