{"mean":{"confidence_interval":{"confidence_level":0.95,"lower_bound":43988342.53956868,"upper_bound":44021830.58688499},"point_estimate":44003976.57084596,"standard_error":8410.136359360964},"median":{"confidence_interval":{"confidence_level":0.95,"lower_bound":43996919.9229798,"upper_bound":44004332.19705883},"point_estimate":44001178.44901316,"standard_error":1673.4439122383599},"median_abs_dev":{"confidence_interval":{"confidence_level":0.95,"lower_bound":1645.162700202339,"upper_bound":17951.84762795938},"point_estimate":8855.38173150944,"standard_error":3907.4615334323685},"slope":{"confidence_interval":{"confidence_level":0.95,"lower_bound":43999238.95256643,"upper_bound":44028588.56489763},"point_estimate":44008884.86655052,"standard_error":8106.980488848156},"std_dev":{"confidence_interval":{"confidence_level":0.95,"lower_bound":8742.449144452528,"upper_bound":59209.03522243579},"point_estimate":38470.02082308581,"standard_error":13200.274180823792}}