{"mean":{"confidence_interval":{"confidence_level":0.95,"lower_bound":-0.00839319790224557,"upper_bound":-0.00015014654512588278},"point_estimate":-0.0033027002202855593,"standard_error":0.0022544880491683836},"median":{"confidence_interval":{"confidence_level":0.95,"lower_bound":-0.00021251113058318172,"upper_bound":0.00003465260701651651},"point_estimate":-0.00003156897813749726,"standard_error":0.00011154190062792876}}