{"mean":{"confidence_interval":{"confidence_level":0.95,"lower_bound":511971758.66499996,"upper_bound":611117851.7116667},"point_estimate":560312156.3333333,"standard_error":25506894.580362964},"median":{"confidence_interval":{"confidence_level":0.95,"lower_bound":489552740.1666667,"upper_bound":640259299.1666666},"point_estimate":505592021.8333333,"standard_error":48680914.357127815},"median_abs_dev":{"confidence_interval":{"confidence_level":0.95,"lower_bound":16815642.22976263,"upper_bound":185802159.65055227},"point_estimate":118699251.675567,"standard_error":44135856.563958846},"slope":null,"std_dev":{"confidence_interval":{"confidence_level":0.95,"lower_bound":86366037.45076853,"upper_bound":134745669.55348122},"point_estimate":117053838.22763361,"standard_error":12273879.430666449}}