{"mean":{"confidence_interval":{"confidence_level":0.95,"lower_bound":291690.60052496556,"upper_bound":332806.249150118},"point_estimate":311964.57430267934,"standard_error":10541.367401331672},"median":{"confidence_interval":{"confidence_level":0.95,"lower_bound":274086.5617724868,"upper_bound":350039.5029137529},"point_estimate":301351.04904761905,"standard_error":24628.164781632986},"median_abs_dev":{"confidence_interval":{"confidence_level":0.95,"lower_bound":12166.472368001947,"upper_bound":80121.63839938563},"point_estimate":51594.266107352014,"standard_error":17913.153936482617},"slope":{"confidence_interval":{"confidence_level":0.95,"lower_bound":313185.5720055047,"upper_bound":360884.03835057886},"point_estimate":339222.0169968475,"standard_error":12323.58188253669},"std_dev":{"confidence_interval":{"confidence_level":0.95,"lower_bound":37275.92094782357,"upper_bound":55726.56194550919},"point_estimate":48261.990561573126,"standard_error":4715.138784775866}}