{"mean":{"confidence_interval":{"confidence_level":0.95,"lower_bound":318421281.715625,"upper_bound":406429314.363125},"point_estimate":362429707.325,"standard_error":23550614.652129836},"median":{"confidence_interval":{"confidence_level":0.95,"lower_bound":219513336.0,"upper_bound":439419732.75},"point_estimate":439356936.5,"standard_error":54750215.69037357},"median_abs_dev":{"confidence_interval":{"confidence_level":0.95,"lower_bound":62649.11513775587,"upper_bound":163071175.18205792},"point_estimate":166606.06009215117,"standard_error":41293010.518335134},"slope":null,"std_dev":{"confidence_interval":{"confidence_level":0.95,"lower_bound":80584302.58986472,"upper_bound":112849636.11698914},"point_estimate":107647607.3856386,"standard_error":9226845.804841846}}