{"mean":{"confidence_interval":{"confidence_level":0.95,"lower_bound":15593723035.985,"upper_bound":15672297598.2925},"point_estimate":15632540988.0,"standard_error":20082853.732313447},"median":{"confidence_interval":{"confidence_level":0.95,"lower_bound":15576389911.5,"upper_bound":15701175986.5},"point_estimate":15606373096.0,"standard_error":29809634.659885842},"median_abs_dev":{"confidence_interval":{"confidence_level":0.95,"lower_bound":41683728.21396589,"upper_bound":154384801.70152187},"point_estimate":96619326.39906406,"standard_error":30584282.85747979},"slope":null,"std_dev":{"confidence_interval":{"confidence_level":0.95,"lower_bound":67895059.01452255,"upper_bound":109475327.10460344},"point_estimate":92483478.62085776,"standard_error":10585115.013924506}}