{"mean":{"confidence_interval":{"confidence_level":0.95,"lower_bound":-0.06949102958845188,"upper_bound":0.16310445756412129},"point_estimate":0.035679063734866734,"standard_error":0.05963139580714486},"median":{"confidence_interval":{"confidence_level":0.95,"lower_bound":-0.2223964742871426,"upper_bound":0.465616415646009},"point_estimate":-0.017371826465544138,"standard_error":0.20033517915406587}}