{"mean":{"confidence_interval":{"confidence_level":0.95,"lower_bound":-0.15118005249675365,"upper_bound":0.1816675040176799},"point_estimate":-0.010390444627324968,"standard_error":0.08677255370339308},"median":{"confidence_interval":{"confidence_level":0.95,"lower_bound":-0.33317404261944883,"upper_bound":0.336265382605224},"point_estimate":0.33537099875360954,"standard_error":0.2944923051579227}}