{"mean":{"confidence_interval":{"confidence_level":0.95,"lower_bound":-0.011032165032288765,"upper_bound":0.15512836059875554},"point_estimate":0.0655917608261738,"standard_error":0.04227937038480585},"median":{"confidence_interval":{"confidence_level":0.95,"lower_bound":-0.14969679663437796,"upper_bound":0.33435142134527296},"point_estimate":0.28049166758383137,"standard_error":0.14292585770379115}}