{"mean":{"confidence_interval":{"confidence_level":0.95,"lower_bound":239000267.75500003,"upper_bound":304340712.79749995},"point_estimate":269132258.6666667,"standard_error":17016579.275861163},"median":{"confidence_interval":{"confidence_level":0.95,"lower_bound":223998864.5,"upper_bound":238662373.8333333},"point_estimate":227999455.1666667,"standard_error":13771870.944378205},"median_abs_dev":{"confidence_interval":{"confidence_level":0.95,"lower_bound":3811117.377439163,"upper_bound":32538888.490319252},"point_estimate":6919743.799149983,"standard_error":13910619.771451756},"slope":null,"std_dev":{"confidence_interval":{"confidence_level":0.95,"lower_bound":51313622.750147864,"upper_bound":89819191.65886554},"point_estimate":78022097.70045096,"standard_error":11468925.99807564}}