{"mean":{"confidence_interval":{"confidence_level":0.95,"lower_bound":-0.06209411633378244,"upper_bound":0.16494045431019128},"point_estimate":0.04051637681966458,"standard_error":0.057198480598178364},"median":{"confidence_interval":{"confidence_level":0.95,"lower_bound":-0.24998591578166263,"upper_bound":0.5017822916776493},"point_estimate":0.11322322554793107,"standard_error":0.2054610527208673}}