{"mean":{"confidence_interval":{"confidence_level":0.95,"lower_bound":-0.011577712714722072,"upper_bound":0.000875681460952504},"point_estimate":-0.005046727191802436,"standard_error":0.003162460567757087},"median":{"confidence_interval":{"confidence_level":0.95,"lower_bound":-0.010708078946112809,"upper_bound":0.0031076320403928825},"point_estimate":-0.0019142207869903283,"standard_error":0.0034520928408058567}}