{"mean":{"confidence_interval":{"confidence_level":0.95,"lower_bound":0.033145425624136575,"upper_bound":0.16102755948684222},"point_estimate":0.09697796551956839,"standard_error":0.032693522649211756},"median":{"confidence_interval":{"confidence_level":0.95,"lower_bound":0.0010155642535865914,"upper_bound":0.25253562836118637},"point_estimate":0.23829855361575358,"standard_error":0.1036596197666471}}