{"mean":{"confidence_interval":{"confidence_level":0.95,"lower_bound":43997979.679857254,"upper_bound":44000171.74478489},"point_estimate":43999285.33234526,"standard_error":577.0120868415379},"median":{"confidence_interval":{"confidence_level":0.95,"lower_bound":43999668.64393939,"upper_bound":44000005.7125},"point_estimate":43999939.81359649,"standard_error":99.41733382319187},"median_abs_dev":{"confidence_interval":{"confidence_level":0.95,"lower_bound":74.74774867480323,"upper_bound":1221.0585276983506},"point_estimate":295.25641521370045,"standard_error":359.0984599061636},"slope":{"confidence_interval":{"confidence_level":0.95,"lower_bound":43999710.990392596,"upper_bound":44000417.06767467},"point_estimate":44000067.23606272,"standard_error":182.00446019446161},"std_dev":{"confidence_interval":{"confidence_level":0.95,"lower_bound":613.9790713952419,"upper_bound":4164.305229243766},"point_estimate":2636.547093130775,"standard_error":1077.658258111716}}