{"mean":{"confidence_interval":{"confidence_level":0.95,"lower_bound":118505209.53041665,"upper_bound":128403533.05749997},"point_estimate":123141094.25833336,"standard_error":2533280.3892234582},"median":{"confidence_interval":{"confidence_level":0.95,"lower_bound":115138212.83333334,"upper_bound":123130043.08333333},"point_estimate":119804532.66666666,"standard_error":2091710.713457389},"median_abs_dev":{"confidence_interval":{"confidence_level":0.95,"lower_bound":1982669.5782005712,"upper_bound":15254532.657077886},"point_estimate":8900412.238036081,"standard_error":3035038.683541912},"slope":null,"std_dev":{"confidence_interval":{"confidence_level":0.95,"lower_bound":6933605.502300471,"upper_bound":14646477.307628036},"point_estimate":11650209.560736673,"standard_error":1980417.789227906}}