{"mean":{"confidence_interval":{"confidence_level":0.95,"lower_bound":-0.002536311838240887,"upper_bound":-0.0007700662109545602},"point_estimate":-0.001583408409695064,"standard_error":0.0004529701421582787},"median":{"confidence_interval":{"confidence_level":0.95,"lower_bound":-0.002091457416568021,"upper_bound":-0.00009618318325987918},"point_estimate":-0.0013901515555534427,"standard_error":0.00048190271786228164}}