{"mean":{"confidence_interval":{"confidence_level":0.95,"lower_bound":39462445.5,"upper_bound":48190520.42},"point_estimate":43490129.755,"standard_error":2231582.9721607366},"median":{"confidence_interval":{"confidence_level":0.95,"lower_bound":33255226.0,"upper_bound":37622085.0},"point_estimate":35193224.5,"standard_error":1096361.8649736298},"median_abs_dev":{"confidence_interval":{"confidence_level":0.95,"lower_bound":4808443.847233057,"upper_bound":10452420.994332433},"point_estimate":7311663.418892026,"standard_error":1429068.149816118},"slope":null,"std_dev":{"confidence_interval":{"confidence_level":0.95,"lower_bound":14124753.868294243,"upper_bound":30336406.729361914},"point_estimate":22395166.345967483,"standard_error":4236263.42117422}}