{"mean":{"confidence_interval":{"confidence_level":0.95,"lower_bound":0.6650283879472972,"upper_bound":0.9239789144467289},"point_estimate":0.7946837416072876,"standard_error":0.06548488398453345},"median":{"confidence_interval":{"confidence_level":0.95,"lower_bound":0.6556460374338917,"upper_bound":0.9805081512090017},"point_estimate":0.8772984872084382,"standard_error":0.09140035263133613}}