{"mean":{"confidence_interval":{"confidence_level":0.95,"lower_bound":66634597.04011613,"upper_bound":69996802.69047901},"point_estimate":68300265.95235232,"standard_error":859348.6709935777},"median":{"confidence_interval":{"confidence_level":0.95,"lower_bound":64000858.83333333,"upper_bound":71688910.10277778},"point_estimate":69050792.84134614,"standard_error":2211780.408767247},"median_abs_dev":{"confidence_interval":{"confidence_level":0.95,"lower_bound":194667.53866895297,"upper_bound":6966683.526364347},"point_estimate":6637904.330206139,"standard_error":1844054.7798870895},"slope":{"confidence_interval":{"confidence_level":0.95,"lower_bound":68527487.41158988,"upper_bound":71668594.10848822},"point_estimate":70413872.1141115,"standard_error":804021.4754531116},"std_dev":{"confidence_interval":{"confidence_level":0.95,"lower_bound":3208626.3665678306,"upper_bound":4374109.619345486},"point_estimate":3950421.603234228,"standard_error":297451.53498252167}}