{"mean":{"confidence_interval":{"confidence_level":0.95,"lower_bound":19250762115.7675,"upper_bound":19949690974.645},"point_estimate":19593395730.85,"standard_error":178946091.5399728},"median":{"confidence_interval":{"confidence_level":0.95,"lower_bound":19410121259.0,"upper_bound":19925570549.0},"point_estimate":19676979785.0,"standard_error":131928085.82515125},"median_abs_dev":{"confidence_interval":{"confidence_level":0.95,"lower_bound":158334039.5751089,"upper_bound":1002408099.7361988},"point_estimate":398718004.5790404,"standard_error":201122001.68061215},"slope":null,"std_dev":{"confidence_interval":{"confidence_level":0.95,"lower_bound":448865566.6075636,"upper_bound":1111486421.3949256},"point_estimate":821222044.1454582,"standard_error":171207661.51517534}}