{"mean":{"confidence_interval":{"confidence_level":0.95,"lower_bound":2100568.6753950305,"upper_bound":2345331.6361543606},"point_estimate":2227248.160298898,"standard_error":62734.8383961853},"median":{"confidence_interval":{"confidence_level":0.95,"lower_bound":2081681.197979798,"upper_bound":2458534.516624579},"point_estimate":2347715.7975108223,"standard_error":102861.7574962212},"median_abs_dev":{"confidence_interval":{"confidence_level":0.95,"lower_bound":28825.864146755852,"upper_bound":515648.9788243398},"point_estimate":185183.53311085232,"standard_error":126060.54941352543},"slope":{"confidence_interval":{"confidence_level":0.95,"lower_bound":2244775.4596427856,"upper_bound":2419742.743812185},"point_estimate":2335856.8060130924,"standard_error":44797.46049539077},"std_dev":{"confidence_interval":{"confidence_level":0.95,"lower_bound":185399.2997721613,"upper_bound":344582.85710581514},"point_estimate":287745.5406355941,"standard_error":40657.1618236043}}