{"mean":{"confidence_interval":{"confidence_level":0.95,"lower_bound":257748035.83,"upper_bound":304787635.8266666},"point_estimate":281269949.5,"standard_error":12886383.031862246},"median":{"confidence_interval":{"confidence_level":0.95,"lower_bound":234269472.6666667,"upper_bound":351575732.3333333},"point_estimate":234310842.5,"standard_error":41014825.13113007},"median_abs_dev":{"confidence_interval":{"confidence_level":0.95,"lower_bound":40491.53498111683,"upper_bound":86996429.97400461},"point_estimate":130285.44948696354,"standard_error":27746584.745156962},"slope":null,"std_dev":{"confidence_interval":{"confidence_level":0.95,"lower_bound":48096071.995748796,"upper_bound":60201785.73711056},"point_estimate":58934884.27739467,"standard_error":3657520.821764962}}