{"mean":{"confidence_interval":{"confidence_level":0.95,"lower_bound":0.06931272803197351,"upper_bound":0.5000419278442929},"point_estimate":0.25109159825399896,"standard_error":0.11037960592569591},"median":{"confidence_interval":{"confidence_level":0.95,"lower_bound":-0.16615414388629313,"upper_bound":1.037462874754726},"point_estimate":0.8713196454556273,"standard_error":0.406311533914591}}