{"mean":{"confidence_interval":{"confidence_level":0.95,"lower_bound":188790595.40541667,"upper_bound":223998604.62833333},"point_estimate":206391280.7666667,"standard_error":9376988.524362708},"median":{"confidence_interval":{"confidence_level":0.95,"lower_bound":175594486.6666667,"upper_bound":263520621.16666666},"point_estimate":175611709.0,"standard_error":22067595.51661692},"median_abs_dev":{"confidence_interval":{"confidence_level":0.95,"lower_bound":18895.73666451152,"upper_bound":65237085.5601102},"point_estimate":85722.6949781253,"standard_error":16305115.297318995},"slope":null,"std_dev":{"confidence_interval":{"confidence_level":0.95,"lower_bound":32231668.57346893,"upper_bound":45140673.79030572},"point_estimate":43058367.387819275,"standard_error":3664235.4082067283}}