{"mean":{"confidence_interval":{"confidence_level":0.95,"lower_bound":149526125.16744956,"upper_bound":151322536.12536722},"point_estimate":150498602.97223535,"standard_error":460058.32336847484},"median":{"confidence_interval":{"confidence_level":0.95,"lower_bound":150004837.80833334,"upper_bound":151664044.2763158},"point_estimate":150697507.13235295,"standard_error":409192.5109035812},"median_abs_dev":{"confidence_interval":{"confidence_level":0.95,"lower_bound":651150.617536229,"upper_bound":2578983.8806293453},"point_estimate":1668465.84139131,"standard_error":476682.90851919196},"slope":{"confidence_interval":{"confidence_level":0.95,"lower_bound":150555466.32022473,"upper_bound":151615765.8746891},"point_estimate":151063264.92891985,"standard_error":270342.54135944415},"std_dev":{"confidence_interval":{"confidence_level":0.95,"lower_bound":1128646.5965596465,"upper_bound":2974581.2581644156},"point_estimate":2107068.835340608,"standard_error":512974.6523246402}}