{"mean":{"confidence_interval":{"confidence_level":0.95,"lower_bound":0.009446112368707495,"upper_bound":0.2244941400110205},"point_estimate":0.11351929723624421,"standard_error":0.055524443034927075},"median":{"confidence_interval":{"confidence_level":0.95,"lower_bound":-0.16544384426815073,"upper_bound":0.5039839008466493},"point_estimate":0.25655760014556983,"standard_error":0.21080676476807444}}