{"mean":{"confidence_interval":{"confidence_level":0.95,"lower_bound":1031.5816759567883,"upper_bound":1032.3790237838582},"point_estimate":1031.980484840295,"standard_error":0.20326367333355638},"median":{"confidence_interval":{"confidence_level":0.95,"lower_bound":1031.4816062956547,"upper_bound":1032.644590649203},"point_estimate":1032.1434592396363,"standard_error":0.3158720281930625},"median_abs_dev":{"confidence_interval":{"confidence_level":0.95,"lower_bound":0.8874098250653242,"upper_bound":1.9211697299243056},"point_estimate":1.3828842352461963,"standard_error":0.24877018645836055},"slope":{"confidence_interval":{"confidence_level":0.95,"lower_bound":1031.972919091665,"upper_bound":1032.8252707219747},"point_estimate":1032.3889025709293,"standard_error":0.21754739479129492},"std_dev":{"confidence_interval":{"confidence_level":0.95,"lower_bound":1.1561958763464693,"upper_bound":1.6953402633189953},"point_estimate":1.4439825951013916,"standard_error":0.13819950318374324}}