{"mean":{"confidence_interval":{"confidence_level":0.95,"lower_bound":151134154.90075,"upper_bound":165253601.82225},"point_estimate":158207194.67000002,"standard_error":3916515.8358127126},"median":{"confidence_interval":{"confidence_level":0.95,"lower_bound":140589530.8,"upper_bound":175751349.60000002},"point_estimate":158529151.3,"standard_error":15842820.914691042},"median_abs_dev":{"confidence_interval":{"confidence_level":0.95,"lower_bound":22473.250401042143,"upper_bound":26067280.745993298},"point_estimate":25591277.050183993,"standard_error":9734717.285679786},"slope":null,"std_dev":{"confidence_interval":{"confidence_level":0.95,"lower_bound":15601737.880923064,"upper_bound":18047467.848702867},"point_estimate":18007126.56761344,"standard_error":670500.8440933418}}