{"mean":{"confidence_interval":{"confidence_level":0.95,"lower_bound":572712353.785625,"upper_bound":673794181.515625},"point_estimate":622598260.025,"standard_error":25733494.61735079},"median":{"confidence_interval":{"confidence_level":0.95,"lower_bound":562129033.0,"upper_bound":694000133.5},"point_estimate":586933222.25,"standard_error":31878937.31701079},"median_abs_dev":{"confidence_interval":{"confidence_level":0.95,"lower_bound":32360215.178391337,"upper_bound":189624777.92663723},"point_estimate":117070093.97639036,"standard_error":41049092.440884255},"slope":null,"std_dev":{"confidence_interval":{"confidence_level":0.95,"lower_bound":83878091.2576151,"upper_bound":142092017.25876164},"point_estimate":118455261.52988528,"standard_error":14806657.579901744}}