{"mean":{"confidence_interval":{"confidence_level":0.95,"lower_bound":0.048824728291842166,"upper_bound":0.2686416292881437},"point_estimate":0.15360334895926808,"standard_error":0.05620176596366259},"median":{"confidence_interval":{"confidence_level":0.95,"lower_bound":0.0014878685571320105,"upper_bound":0.3307993568574854},"point_estimate":0.25242218311340614,"standard_error":0.07556686206399124}}