{"mean":{"confidence_interval":{"confidence_level":0.95,"lower_bound":61512488.77164788,"upper_bound":62686716.55375765},"point_estimate":62019561.319107786,"standard_error":300655.4704932085},"median":{"confidence_interval":{"confidence_level":0.95,"lower_bound":61520880.63333333,"upper_bound":62149235.47802198},"point_estimate":61999887.32936508,"standard_error":183043.73113627319},"median_abs_dev":{"confidence_interval":{"confidence_level":0.95,"lower_bound":155793.94060778338,"upper_bound":1257580.2885999533},"point_estimate":595720.9750038396,"standard_error":272897.9722363336},"slope":{"confidence_interval":{"confidence_level":0.95,"lower_bound":61586019.70766102,"upper_bound":62547371.541670024},"point_estimate":61979670.30958188,"standard_error":245235.9394230714},"std_dev":{"confidence_interval":{"confidence_level":0.95,"lower_bound":538122.7268882899,"upper_bound":2113941.695007952},"point_estimate":1378288.8649872749,"standard_error":464870.43198227603}}