{"mean":{"confidence_interval":{"confidence_level":0.95,"lower_bound":-0.0017263034946905008,"upper_bound":-0.0004075333655011534},"point_estimate":-0.0010222569749055443,"standard_error":0.0003367125688424755},"median":{"confidence_interval":{"confidence_level":0.95,"lower_bound":-0.0016279712115792044,"upper_bound":-0.000018512078390986453},"point_estimate":-0.0007634173413690881,"standard_error":0.0004334276533234209}}