{"mean":{"confidence_interval":{"confidence_level":0.95,"lower_bound":169117433.20325002,"upper_bound":187946532.248},"point_estimate":178752769.61999997,"standard_error":4802231.840379625},"median":{"confidence_interval":{"confidence_level":0.95,"lower_bound":171138501.0,"upper_bound":190975431.5},"point_estimate":179597892.1,"standard_error":5277821.708645758},"median_abs_dev":{"confidence_interval":{"confidence_level":0.95,"lower_bound":8967981.707126508,"upper_bound":30238018.462607827},"point_estimate":17840960.63183963,"standard_error":5378281.322047517},"slope":null,"std_dev":{"confidence_interval":{"confidence_level":0.95,"lower_bound":13614407.321604941,"upper_bound":28126798.335943427},"point_estimate":22039027.962971166,"standard_error":3705607.445563597}}