{"mean":{"confidence_interval":{"confidence_level":0.95,"lower_bound":228460691.0940625,"upper_bound":262992801.4478125},"point_estimate":246094347.9625,"standard_error":8851496.305898914},"median":{"confidence_interval":{"confidence_level":0.95,"lower_bound":209210876.625,"upper_bound":278195141.625},"point_estimate":259712811.0,"standard_error":20984668.34503938},"median_abs_dev":{"confidence_interval":{"confidence_level":0.95,"lower_bound":10373734.409954399,"upper_bound":62965607.42206201},"point_estimate":43724573.40898365,"standard_error":14685241.662549494},"slope":null,"std_dev":{"confidence_interval":{"confidence_level":0.95,"lower_bound":32090364.286883008,"upper_bound":44679530.776688814},"point_estimate":40570279.792846344,"standard_error":3190878.6650629374}}