{"mean":{"confidence_interval":{"confidence_level":0.95,"lower_bound":3428048.0608849335,"upper_bound":3607816.5095482324},"point_estimate":3516689.5234235814,"standard_error":46052.113403744064},"median":{"confidence_interval":{"confidence_level":0.95,"lower_bound":3336788.2106481483,"upper_bound":3702731.196296296},"point_estimate":3453238.4746031747,"standard_error":103516.75367913513},"median_abs_dev":{"confidence_interval":{"confidence_level":0.95,"lower_bound":87464.90144302133,"upper_bound":337028.80292172806},"point_estimate":256912.54876185374,"standard_error":66984.12588845145},"slope":{"confidence_interval":{"confidence_level":0.95,"lower_bound":3368005.2693050364,"upper_bound":3581134.6364368335},"point_estimate":3480268.97926184,"standard_error":54285.26471762018},"std_dev":{"confidence_interval":{"confidence_level":0.95,"lower_bound":168016.81198977068,"upper_bound":234128.23083155826},"point_estimate":210372.2230179472,"standard_error":16896.557998760414}}