{"mean":{"confidence_interval":{"confidence_level":0.95,"lower_bound":-0.13960774766023745,"upper_bound":0.06680499290869388},"point_estimate":-0.044799106325265625,"standard_error":0.05273354090016598},"median":{"confidence_interval":{"confidence_level":0.95,"lower_bound":-0.22205369777492145,"upper_bound":0.12577904146019825},"point_estimate":0.1202868267519317,"standard_error":0.12375472460067019}}