{"mean":{"confidence_interval":{"confidence_level":0.95,"lower_bound":-0.06456374429936225,"upper_bound":0.11340939022473306},"point_estimate":0.025436730119941853,"standard_error":0.04505770730837699},"median":{"confidence_interval":{"confidence_level":0.95,"lower_bound":-0.03699540394336498,"upper_bound":0.1903666247712139},"point_estimate":0.12135833504835958,"standard_error":0.058970983579795876}}