{"mean":{"confidence_interval":{"confidence_level":0.95,"lower_bound":87995175.16355833,"upper_bound":88000281.14320268},"point_estimate":87998371.08244811,"standard_error":1484.175162694098},"median":{"confidence_interval":{"confidence_level":0.95,"lower_bound":87999497.69999999,"upper_bound":88000048.29545455},"point_estimate":87999806.94285715,"standard_error":152.51496950221113},"median_abs_dev":{"confidence_interval":{"confidence_level":0.95,"lower_bound":249.79827471678578,"upper_bound":1665.9739665827224},"point_estimate":636.3319087072688,"standard_error":420.03312642951084},"slope":{"confidence_interval":{"confidence_level":0.95,"lower_bound":87999440.8655263,"upper_bound":88000204.80720133},"point_estimate":87999816.81219512,"standard_error":196.2084629994191},"std_dev":{"confidence_interval":{"confidence_level":0.95,"lower_bound":762.5744726659458,"upper_bound":11171.983849144779},"point_estimate":6824.938918164913,"standard_error":3587.5340281914505}}