{"mean":{"confidence_interval":{"confidence_level":0.95,"lower_bound":4257049.315859687,"upper_bound":4517958.247520491},"point_estimate":4392242.665347295,"standard_error":66421.22695269572},"median":{"confidence_interval":{"confidence_level":0.95,"lower_bound":4271807.413888888,"upper_bound":4523987.27816358},"point_estimate":4356920.145833333,"standard_error":64957.33118607249},"median_abs_dev":{"confidence_interval":{"confidence_level":0.95,"lower_bound":101226.9636111958,"upper_bound":398106.9909603926},"point_estimate":208856.8377918182,"standard_error":77359.80932461191},"slope":{"confidence_interval":{"confidence_level":0.95,"lower_bound":4329266.017420702,"upper_bound":4639115.448109146},"point_estimate":4500395.390863338,"standard_error":79033.38451612386},"std_dev":{"confidence_interval":{"confidence_level":0.95,"lower_bound":182322.10966597332,"upper_bound":411559.2664106775},"point_estimate":305592.64819782967,"standard_error":61190.99149981985}}