{"mean":{"confidence_interval":{"confidence_level":0.95,"lower_bound":-0.10422139915956538,"upper_bound":0.04757402340867566},"point_estimate":-0.03276854263770024,"standard_error":0.039003308135441},"median":{"confidence_interval":{"confidence_level":0.95,"lower_bound":-0.19987048561236154,"upper_bound":0.06740578752026015},"point_estimate":0.06704409009728551,"standard_error":0.11537849646209067}}