{"mean":{"confidence_interval":{"confidence_level":0.95,"lower_bound":-0.11554949740620617,"upper_bound":0.11440689850605153},"point_estimate":0.012618725170378431,"standard_error":0.0601391436846165},"median":{"confidence_interval":{"confidence_level":0.95,"lower_bound":0.005146858494951001,"upper_bound":0.1753294954836382},"point_estimate":0.13216324981630856,"standard_error":0.0449241402683362}}