{"mean":{"confidence_interval":{"confidence_level":0.95,"lower_bound":94204444.825,"upper_bound":95932350.65833333},"point_estimate":95067569.16666667,"standard_error":438273.80576041364},"median":{"confidence_interval":{"confidence_level":0.95,"lower_bound":93658598.25,"upper_bound":96335560.41666666},"point_estimate":95339143.0,"standard_error":848167.4972895192},"median_abs_dev":{"confidence_interval":{"confidence_level":0.95,"lower_bound":1010133.6625665574,"upper_bound":3444241.960002478},"point_estimate":2948620.278951522,"standard_error":552017.0140182895},"slope":null,"std_dev":{"confidence_interval":{"confidence_level":0.95,"lower_bound":1563435.0283342584,"upper_bound":2296633.150104755},"point_estimate":2011406.3126990076,"standard_error":187008.904267993}}