{"mean":{"confidence_interval":{"confidence_level":0.95,"lower_bound":1444494337.8375,"upper_bound":1473516615.395},"point_estimate":1459652995.5,"standard_error":7398560.1006493755},"median":{"confidence_interval":{"confidence_level":0.95,"lower_bound":1447894382.5,"upper_bound":1478942218.5},"point_estimate":1467919928.5,"standard_error":7243123.216211499},"median_abs_dev":{"confidence_interval":{"confidence_level":0.95,"lower_bound":12164115.281143785,"upper_bound":46816971.9091326},"point_estimate":26273337.234655023,"standard_error":8876547.26683059},"slope":null,"std_dev":{"confidence_interval":{"confidence_level":0.95,"lower_bound":21029317.543326456,"upper_bound":43125631.66780399},"point_estimate":34035200.448413804,"standard_error":5667826.833167285}}