{"mean":{"confidence_interval":{"confidence_level":0.95,"lower_bound":745720266.64375,"upper_bound":916731552.6814998},"point_estimate":827568126.73,"standard_error":43651354.85571605},"median":{"confidence_interval":{"confidence_level":0.95,"lower_bound":577803021.0,"upper_bound":721479461.0},"point_estimate":624957528.0,"standard_error":35406787.52532788},"median_abs_dev":{"confidence_interval":{"confidence_level":0.95,"lower_bound":113818949.19751985,"upper_bound":304901037.50052446},"point_estimate":181388594.44550872,"standard_error":46083027.44093573},"slope":null,"std_dev":{"confidence_interval":{"confidence_level":0.95,"lower_bound":334278473.77824366,"upper_bound":526136159.0375672},"point_estimate":437421027.2922396,"standard_error":49140735.648031734}}