{"mean":{"confidence_interval":{"confidence_level":0.95,"lower_bound":88330660.5514074,"upper_bound":88648418.86942707},"point_estimate":88485047.68306647,"standard_error":81176.20597763029},"median":{"confidence_interval":{"confidence_level":0.95,"lower_bound":88290163.2962963,"upper_bound":88732812.12044817},"point_estimate":88493837.7888889,"standard_error":118265.96496312476},"median_abs_dev":{"confidence_interval":{"confidence_level":0.95,"lower_bound":195620.4180270507,"upper_bound":574016.1922619287},"point_estimate":403757.0127830898,"standard_error":99053.68386356323},"slope":{"confidence_interval":{"confidence_level":0.95,"lower_bound":88403975.3405819,"upper_bound":88653386.91116399},"point_estimate":88527264.541928,"standard_error":64201.574518485155},"std_dev":{"confidence_interval":{"confidence_level":0.95,"lower_bound":260457.5678537317,"upper_bound":459809.31268176617},"point_estimate":371047.58306146617,"standard_error":51644.142516858774}}