{"mean":{"confidence_interval":{"confidence_level":0.95,"lower_bound":-0.054573282235014835,"upper_bound":0.10985132872900033},"point_estimate":0.028377632133451236,"standard_error":0.041697876194901715},"median":{"confidence_interval":{"confidence_level":0.95,"lower_bound":-0.06390161394837046,"upper_bound":0.2427661948300627},"point_estimate":0.17167668779474066,"standard_error":0.06824594624791064}}