{"mean":{"confidence_interval":{"confidence_level":0.95,"lower_bound":4657590268.1975,"upper_bound":4824589450.070001},"point_estimate":4739394032.05,"standard_error":42589000.6089186},"median":{"confidence_interval":{"confidence_level":0.95,"lower_bound":4631975205.0,"upper_bound":4836982057.5},"point_estimate":4714003529.5,"standard_error":42594808.145210356},"median_abs_dev":{"confidence_interval":{"confidence_level":0.95,"lower_bound":62275974.37638044,"upper_bound":287680267.4149543},"point_estimate":190555680.5817604,"standard_error":57764988.569941215},"slope":null,"std_dev":{"confidence_interval":{"confidence_level":0.95,"lower_bound":131183764.66706736,"upper_bound":243180757.9678233},"point_estimate":195818473.80818906,"standard_error":28665528.101313848}}