{"mean":{"confidence_interval":{"confidence_level":0.95,"lower_bound":0.13995254043974467,"upper_bound":1.4504948990138933},"point_estimate":0.5546822108677236,"standard_error":0.3481711527875973},"median":{"confidence_interval":{"confidence_level":0.95,"lower_bound":-0.0570932771525301,"upper_bound":38712.11816500231},"point_estimate":0.005481168695842253,"standard_error":12798.623975315872}}