{"mean":{"confidence_interval":{"confidence_level":0.95,"lower_bound":-0.00007071039331525972,"upper_bound":0.00021769451454134447},"point_estimate":0.00006176911727351353,"standard_error":0.00007294642577822763},"median":{"confidence_interval":{"confidence_level":0.95,"lower_bound":-0.00005245639714623884,"upper_bound":0.00005281663620659849},"point_estimate":-0.000011605307741135995,"standard_error":0.00002561007740043786}}