{"mean":{"confidence_interval":{"confidence_level":0.95,"lower_bound":-0.00009200885554080106,"upper_bound":0.00023564990885845954},"point_estimate":0.00004887900266825618,"standard_error":0.0000843568895181357},"median":{"confidence_interval":{"confidence_level":0.95,"lower_bound":-0.00005961796902714519,"upper_bound":0.000059548267258513476},"point_estimate":0.000016456306400458587,"standard_error":0.000030241868599816094}}