{"mean":{"confidence_interval":{"confidence_level":0.95,"lower_bound":-0.00009913673367733798,"upper_bound":0.00008766818890466042},"point_estimate":2.2703443354199493e-6,"standard_error":0.0000477525645958196},"median":{"confidence_interval":{"confidence_level":0.95,"lower_bound":-0.00002453824831083473,"upper_bound":0.00004228843169706842},"point_estimate":6.989060185480511e-6,"standard_error":0.000016401195431104687}}