{"mean":{"confidence_interval":{"confidence_level":0.95,"lower_bound":5489108207.8425,"upper_bound":5688035941.08},"point_estimate":5586616726.3,"standard_error":50859261.7099766},"median":{"confidence_interval":{"confidence_level":0.95,"lower_bound":5494615924.0,"upper_bound":5701911682.0},"point_estimate":5583267785.5,"standard_error":53441719.010264166},"median_abs_dev":{"confidence_interval":{"confidence_level":0.95,"lower_bound":91103512.60668933,"upper_bound":376762595.21422684},"point_estimate":224020283.73924494,"standard_error":72868488.94283952},"slope":null,"std_dev":{"confidence_interval":{"confidence_level":0.95,"lower_bound":158025268.50144118,"upper_bound":289798104.5393824},"point_estimate":233265029.09868604,"standard_error":33708929.37986565}}