{"mean":{"confidence_interval":{"confidence_level":0.95,"lower_bound":144916413.625,"upper_bound":162606071.8125},"point_estimate":153762635.9875,"standard_error":4915618.571537089},"median":{"confidence_interval":{"confidence_level":0.95,"lower_bound":131729914.0,"upper_bound":175703319.875},"point_estimate":154189332.625,"standard_error":19825926.616222505},"median_abs_dev":{"confidence_interval":{"confidence_level":0.95,"lower_bound":13368.974612653255,"upper_bound":32601977.3816742},"point_estimate":31941871.05576843,"standard_error":12164487.583266491},"slope":null,"std_dev":{"confidence_interval":{"confidence_level":0.95,"lower_bound":19493480.510919485,"upper_bound":22565359.02857151},"point_estimate":22514748.64482678,"standard_error":848093.9597452552}}