{"mean":{"confidence_interval":{"confidence_level":0.95,"lower_bound":177609317.594375,"upper_bound":200060544.2753125},"point_estimate":188708812.3,"standard_error":5827166.934722354},"median":{"confidence_interval":{"confidence_level":0.95,"lower_bound":165686140.625,"upper_bound":219710596.75},"point_estimate":173703655.0,"standard_error":17624699.277027123},"median_abs_dev":{"confidence_interval":{"confidence_level":0.95,"lower_bound":804916.869109869,"upper_bound":37132406.676393},"point_estimate":13359347.164399177,"standard_error":10269886.388826923},"slope":null,"std_dev":{"confidence_interval":{"confidence_level":0.95,"lower_bound":21695588.658113174,"upper_bound":27975581.57842573},"point_estimate":26698523.272200223,"standard_error":1676155.1516733982}}