{"mean":{"confidence_interval":{"confidence_level":0.95,"lower_bound":-0.010993121020099868,"upper_bound":0.3940111378019323},"point_estimate":0.16810696384338786,"standard_error":0.10698608656408999},"median":{"confidence_interval":{"confidence_level":0.95,"lower_bound":-0.33320817380672074,"upper_bound":1.0039696754895413},"point_estimate":0.33898721533699727,"standard_error":0.3903383549761155}}