{"mean":{"confidence_interval":{"confidence_level":0.95,"lower_bound":1141732.025,"upper_bound":1510993.380010416},"point_estimate":1319907.8549999997,"standard_error":94600.21095366303},"median":{"confidence_interval":{"confidence_level":0.95,"lower_bound":797681.3541666667,"upper_bound":1347402.8333333333},"point_estimate":1003578.5,"standard_error":156842.22595279655},"median_abs_dev":{"confidence_interval":{"confidence_level":0.95,"lower_bound":535998.9940591158,"upper_bound":990208.5690952842},"point_estimate":750006.5860722214,"standard_error":111993.06908383597},"slope":null,"std_dev":{"confidence_interval":{"confidence_level":0.95,"lower_bound":771833.9270477177,"upper_bound":1101051.4502530433},"point_estimate":949236.183661734,"standard_error":84176.00318914147}}