{"mean":{"confidence_interval":{"confidence_level":0.95,"lower_bound":-0.01572153111754644,"upper_bound":0.28471803875424156},"point_estimate":0.10187590946243352,"standard_error":0.07678841865339124},"median":{"confidence_interval":{"confidence_level":0.95,"lower_bound":0.012577254183990805,"upper_bound":0.14584252108510842},"point_estimate":0.07435731096542941,"standard_error":0.03084972515238907}}