{"mean":{"confidence_interval":{"confidence_level":0.95,"lower_bound":-0.009973414990157801,"upper_bound":0.39844295712026534},"point_estimate":0.18173337356310482,"standard_error":0.10692330742461408},"median":{"confidence_interval":{"confidence_level":0.95,"lower_bound":-0.11453510310863213,"upper_bound":0.6747644881101471},"point_estimate":0.3360524977412773,"standard_error":0.14053825484807317}}