{"mean":{"confidence_interval":{"confidence_level":0.95,"lower_bound":246786843.02937502,"upper_bound":278087590.0825},"point_estimate":262783951.925,"standard_error":8032571.636646366},"median":{"confidence_interval":{"confidence_level":0.95,"lower_bound":237680813.0,"upper_bound":286689278.25},"point_estimate":276662274.375,"standard_error":14017979.227345541},"median_abs_dev":{"confidence_interval":{"confidence_level":0.95,"lower_bound":7411237.798324227,"upper_bound":63033256.605611},"point_estimate":31097936.78847626,"standard_error":14122924.384587811},"slope":null,"std_dev":{"confidence_interval":{"confidence_level":0.95,"lower_bound":27392334.119564664,"upper_bound":42181284.97986884},"point_estimate":36939468.12053049,"standard_error":3739218.175666949}}