{"mean":{"confidence_interval":{"confidence_level":0.95,"lower_bound":112644267.7179532,"upper_bound":126382756.59505227},"point_estimate":120324312.01662108,"standard_error":3542018.871153815},"median":{"confidence_interval":{"confidence_level":0.95,"lower_bound":117940359.38333333,"upper_bound":131726072.3095238},"point_estimate":125070318.14166667,"standard_error":3550018.028197095},"median_abs_dev":{"confidence_interval":{"confidence_level":0.95,"lower_bound":483953.7877353916,"upper_bound":17993239.60609384},"point_estimate":10129605.370508974,"standard_error":4402685.237518443},"slope":{"confidence_interval":{"confidence_level":0.95,"lower_bound":123642812.42679614,"upper_bound":128653767.47955784},"point_estimate":126365201.27386759,"standard_error":1276606.2413930611},"std_dev":{"confidence_interval":{"confidence_level":0.95,"lower_bound":7036534.644017874,"upper_bound":23623645.19090849},"point_estimate":16230798.87870681,"standard_error":4728947.851387223}}