{"mean":{"confidence_interval":{"confidence_level":0.95,"lower_bound":-0.04740336389192738,"upper_bound":0.9265333572107685},"point_estimate":0.27601814830199856,"standard_error":0.25333656535492416},"median":{"confidence_interval":{"confidence_level":0.95,"lower_bound":-0.2671167673291165,"upper_bound":13494.576974818747},"point_estimate":-0.20230061254168552,"standard_error":3222.5936702856025}}