{"mean":{"confidence_interval":{"confidence_level":0.95,"lower_bound":860506761.2416666,"upper_bound":1027173849.7758332},"point_estimate":941771535.4833333,"standard_error":42853236.984675094},"median":{"confidence_interval":{"confidence_level":0.95,"lower_bound":772247117.3333334,"upper_bound":1062901491.3333333},"point_estimate":846924303.3333333,"standard_error":99161163.17651442},"median_abs_dev":{"confidence_interval":{"confidence_level":0.95,"lower_bound":49357494.93162936,"upper_bound":321211421.2729572},"point_estimate":168012504.58848166,"standard_error":83609426.55998878},"slope":null,"std_dev":{"confidence_interval":{"confidence_level":0.95,"lower_bound":149239677.80625588,"upper_bound":223711252.50090855},"point_estimate":196950953.4948248,"standard_error":19002370.92368207}}