{"mean":{"confidence_interval":{"confidence_level":0.95,"lower_bound":521106535.97875,"upper_bound":631919160.9729168},"point_estimate":575848328.1166667,"standard_error":28441668.889080532},"median":{"confidence_interval":{"confidence_level":0.95,"lower_bound":488899429.0,"upper_bound":690911748.1666667},"point_estimate":516903218.3333334,"standard_error":62058232.702349946},"median_abs_dev":{"confidence_interval":{"confidence_level":0.95,"lower_bound":52388836.13481219,"upper_bound":206556089.76469633},"point_estimate":137403407.01860192,"standard_error":38296846.04381769},"slope":null,"std_dev":{"confidence_interval":{"confidence_level":0.95,"lower_bound":102603859.72919144,"upper_bound":146979833.1872745},"point_estimate":130535658.71894008,"standard_error":11289083.127392884}}