{"mean":{"confidence_interval":{"confidence_level":0.95,"lower_bound":-0.11238308315603436,"upper_bound":0.25513551310108246},"point_estimate":0.04902772116938858,"standard_error":0.09367391171052324},"median":{"confidence_interval":{"confidence_level":0.95,"lower_bound":-0.27577155837292444,"upper_bound":0.757472106259131},"point_estimate":-0.00492262829691259,"standard_error":0.27643700489047673}}