{"mean":{"confidence_interval":{"confidence_level":0.95,"lower_bound":-0.08170428056058959,"upper_bound":0.10873606635281034},"point_estimate":0.005462579096154441,"standard_error":0.04885839522858536},"median":{"confidence_interval":{"confidence_level":0.95,"lower_bound":-0.16017518833203295,"upper_bound":0.20700641031880918},"point_estimate":-0.13453687954777005,"standard_error":0.14627474163615997}}