{"mean":{"confidence_interval":{"confidence_level":0.95,"lower_bound":3504209312.71875,"upper_bound":3512249642.763125},"point_estimate":3508300700.8,"standard_error":2050967.7371987405},"median":{"confidence_interval":{"confidence_level":0.95,"lower_bound":3504497688.75,"upper_bound":3514489788.75},"point_estimate":3509681598.5,"standard_error":2856074.352200832},"median_abs_dev":{"confidence_interval":{"confidence_level":0.95,"lower_bound":4783719.268772006,"upper_bound":15619719.26959455},"point_estimate":9162602.38328129,"standard_error":2827623.2934723278},"slope":null,"std_dev":{"confidence_interval":{"confidence_level":0.95,"lower_bound":6579126.283961765,"upper_bound":11185443.750746105},"point_estimate":9388058.322565649,"standard_error":1172516.1616132907}}