{"mean":{"confidence_interval":{"confidence_level":0.95,"lower_bound":2159401010.835,"upper_bound":2304592701.94625},"point_estimate":2233394990.95,"standard_error":37074246.51178472},"median":{"confidence_interval":{"confidence_level":0.95,"lower_bound":2145998176.0,"upper_bound":2365999068.5},"point_estimate":2209996577.0,"standard_error":54438939.77271142},"median_abs_dev":{"confidence_interval":{"confidence_level":0.95,"lower_bound":53412791.58273339,"upper_bound":269860096.9860256},"point_estimate":148257121.86520994,"standard_error":58125276.89412074},"slope":null,"std_dev":{"confidence_interval":{"confidence_level":0.95,"lower_bound":114244630.14988604,"upper_bound":214938769.65122068},"point_estimate":169519240.20572683,"standard_error":26190183.875702564}}