{"mean":{"confidence_interval":{"confidence_level":0.95,"lower_bound":-0.016931387167593032,"upper_bound":0.4274240946658364},"point_estimate":0.17261788569009262,"standard_error":0.11352804021592851},"median":{"confidence_interval":{"confidence_level":0.95,"lower_bound":-0.14614103694134173,"upper_bound":0.85024866189722},"point_estimate":0.6762703038758264,"standard_error":0.33702620459572064}}