{"mean":{"confidence_interval":{"confidence_level":0.95,"lower_bound":522996147.614375,"upper_bound":597097041.90125},"point_estimate":559397350.825,"standard_error":19021690.89759893},"median":{"confidence_interval":{"confidence_level":0.95,"lower_bound":497007456.0,"upper_bound":604984436.25},"point_estimate":519995297.25,"standard_error":35856874.12561355},"median_abs_dev":{"confidence_interval":{"confidence_level":0.95,"lower_bound":23712818.88051331,"upper_bound":142313465.30283093},"point_estimate":88956408.73025805,"standard_error":35431096.5471233},"slope":null,"std_dev":{"confidence_interval":{"confidence_level":0.95,"lower_bound":62996362.013783954,"upper_bound":103512454.04016428},"point_estimate":87690697.78982918,"standard_error":10292570.819946475}}