{"mean":{"confidence_interval":{"confidence_level":0.95,"lower_bound":138872418.282,"upper_bound":153008380.85724995},"point_estimate":145924662.99999994,"standard_error":3741741.3681000834},"median":{"confidence_interval":{"confidence_level":0.95,"lower_bound":140563925.6,"upper_bound":140984137.2},"point_estimate":140580090.0,"standard_error":1199377.3096269085},"median_abs_dev":{"confidence_interval":{"confidence_level":0.95,"lower_bound":20679.45269285749,"upper_bound":1179852.1694934457},"point_estimate":53827.42290438547,"standard_error":3685685.6404533796},"slope":null,"std_dev":{"confidence_interval":{"confidence_level":0.95,"lower_bound":10763152.696969572,"upper_bound":22562044.980549477},"point_estimate":17212320.272148274,"standard_error":3319014.592781814}}