{"mean":{"confidence_interval":{"confidence_level":0.95,"lower_bound":9040688106.964375,"upper_bound":9920206433.163126},"point_estimate":9470498074.275,"standard_error":223885684.84504813},"median":{"confidence_interval":{"confidence_level":0.95,"lower_bound":8930997819.25,"upper_bound":9945983656.0},"point_estimate":9318990792.5,"standard_error":296465215.79249203},"median_abs_dev":{"confidence_interval":{"confidence_level":0.95,"lower_bound":309876234.9265471,"upper_bound":1684204576.3737917},"point_estimate":929579602.9217631,"standard_error":348300778.3923545},"slope":null,"std_dev":{"confidence_interval":{"confidence_level":0.95,"lower_bound":713723255.6130686,"upper_bound":1250008948.0493343},"point_estimate":1026551364.0566947,"standard_error":136643496.14214215}}