{"mean":{"confidence_interval":{"confidence_level":0.95,"lower_bound":110847018.34,"upper_bound":122276792.131},"point_estimate":116525857.03000002,"standard_error":2958374.258751794},"median":{"confidence_interval":{"confidence_level":0.95,"lower_bound":105372463.4,"upper_bound":131752831.6},"point_estimate":106167830.2,"standard_error":9998014.435325986},"median_abs_dev":{"confidence_interval":{"confidence_level":0.95,"lower_bound":36192.19273745572,"upper_bound":19575944.48859751},"point_estimate":7099542.503297923,"standard_error":6720676.317233412},"slope":null,"std_dev":{"confidence_interval":{"confidence_level":0.95,"lower_bound":11301649.204410544,"upper_bound":14507723.862123003},"point_estimate":13542566.024209645,"standard_error":806042.7670940666}}