{"mean":{"confidence_interval":{"confidence_level":0.95,"lower_bound":-0.08300449407009797,"upper_bound":0.17521335437697985},"point_estimate":0.02025510001462938,"standard_error":0.06625336334555709},"median":{"confidence_interval":{"confidence_level":0.95,"lower_bound":-0.0613684424770361,"upper_bound":0.04245335490932889},"point_estimate":-0.03112917253930636,"standard_error":0.026145389076307278}}