{"mean":{"confidence_interval":{"confidence_level":0.95,"lower_bound":88008140.50068524,"upper_bound":88143956.00315061},"point_estimate":88069640.35913274,"standard_error":35139.29669986171},"median":{"confidence_interval":{"confidence_level":0.95,"lower_bound":87997469.47678018,"upper_bound":88011682.33333334},"point_estimate":88001822.43402778,"standard_error":10823.34442216795},"median_abs_dev":{"confidence_interval":{"confidence_level":0.95,"lower_bound":4943.881990563847,"upper_bound":32201.067584552045},"point_estimate":11954.685432766326,"standard_error":17242.477697599203},"slope":{"confidence_interval":{"confidence_level":0.95,"lower_bound":88012108.32458957,"upper_bound":88135744.79057921},"point_estimate":88060286.5348432,"standard_error":32088.422907643613},"std_dev":{"confidence_interval":{"confidence_level":0.95,"lower_bound":72273.85413218266,"upper_bound":210401.35898760564},"point_estimate":161370.31647551537,"standard_error":35335.98481434726}}