{"mean":{"confidence_interval":{"confidence_level":0.95,"lower_bound":0.032668336032393254,"upper_bound":1.4491209113592625},"point_estimate":0.46281455654457515,"standard_error":0.37962552689657886},"median":{"confidence_interval":{"confidence_level":0.95,"lower_bound":-0.29920077056512273,"upper_bound":27670.26027360515},"point_estimate":-0.18628386118410323,"standard_error":9703.925333746063}}