{"mean":{"confidence_interval":{"confidence_level":0.95,"lower_bound":-0.043525578595185424,"upper_bound":0.12718320996042512},"point_estimate":0.038783538042228116,"standard_error":0.043651778618012164},"median":{"confidence_interval":{"confidence_level":0.95,"lower_bound":-0.19988918325173688,"upper_bound":0.33411347637191313},"point_estimate":0.17996641547289927,"standard_error":0.15705979917896312}}