{"mean":{"confidence_interval":{"confidence_level":0.95,"lower_bound":-0.15119413796965128,"upper_bound":0.09172317015060387},"point_estimate":-0.016499062592826297,"standard_error":0.06181130143772597},"median":{"confidence_interval":{"confidence_level":0.95,"lower_bound":-0.06977426989747815,"upper_bound":0.250619150087108},"point_estimate":0.07964773385799861,"standard_error":0.1115687781764957}}