{"mean":{"confidence_interval":{"confidence_level":0.95,"lower_bound":-0.037797599531900164,"upper_bound":0.1993469125504329},"point_estimate":0.07098130093332711,"standard_error":0.06050349060387198},"median":{"confidence_interval":{"confidence_level":0.95,"lower_bound":-0.24742320155937303,"upper_bound":0.501542822193719},"point_estimate":0.3506018047805337,"standard_error":0.24183614650922874}}