{"mean":{"confidence_interval":{"confidence_level":0.95,"lower_bound":-0.032354247427262416,"upper_bound":0.3607278195526324},"point_estimate":0.1341030216954513,"standard_error":0.10083764162997472},"median":{"confidence_interval":{"confidence_level":0.95,"lower_bound":-0.33088289920260405,"upper_bound":1.0049369443007805},"point_estimate":0.3347118200934187,"standard_error":0.4659831714177788}}