{"mean":{"confidence_interval":{"confidence_level":0.95,"lower_bound":0.039295164366174376,"upper_bound":1.1098775880778118},"point_estimate":0.39263880624590075,"standard_error":0.28007048023048103},"median":{"confidence_interval":{"confidence_level":0.95,"lower_bound":-0.14183201489197006,"upper_bound":20478.26204461133},"point_estimate":0.021631625431828505,"standard_error":4619.270678960049}}