{"mean":{"confidence_interval":{"confidence_level":0.95,"lower_bound":428396741.5775,"upper_bound":431015790.3396875},"point_estimate":429714273.325,"standard_error":671403.7036263044},"median":{"confidence_interval":{"confidence_level":0.95,"lower_bound":427772905.25,"upper_bound":431352189.5},"point_estimate":430031166.875,"standard_error":979305.3266799494},"median_abs_dev":{"confidence_interval":{"confidence_level":0.95,"lower_bound":1441992.8576745093,"upper_bound":5006495.852766931},"point_estimate":3179492.7236527205,"standard_error":928695.1844604141},"slope":null,"std_dev":{"confidence_interval":{"confidence_level":0.95,"lower_bound":2216031.4839852424,"upper_bound":3716770.80445636},"point_estimate":3085578.482117342,"standard_error":381952.3792780822}}