{"mean":{"confidence_interval":{"confidence_level":0.95,"lower_bound":-0.134849385836306,"upper_bound":0.11497863873098457},"point_estimate":0.0057111004367051965,"standard_error":0.06522161384843206},"median":{"confidence_interval":{"confidence_level":0.95,"lower_bound":-0.0341447362954278,"upper_bound":0.2521095051294677},"point_estimate":0.10581314058965319,"standard_error":0.11240293907783815}}