{"mean":{"confidence_interval":{"confidence_level":0.95,"lower_bound":149.11104346816694,"upper_bound":149.62257111114133},"point_estimate":149.3823911545955,"standard_error":0.13101598041534435},"median":{"confidence_interval":{"confidence_level":0.95,"lower_bound":149.2518621856978,"upper_bound":149.70933763869894},"point_estimate":149.46506099362637,"standard_error":0.13277450303300192},"median_abs_dev":{"confidence_interval":{"confidence_level":0.95,"lower_bound":0.2178929723567498,"upper_bound":0.7750760053211859},"point_estimate":0.40188319095653596,"standard_error":0.13627390311981752},"slope":{"confidence_interval":{"confidence_level":0.95,"lower_bound":148.89700377191326,"upper_bound":149.59704554732664},"point_estimate":149.27533434059245,"standard_error":0.18308491499612964},"std_dev":{"confidence_interval":{"confidence_level":0.95,"lower_bound":0.3255175913258944,"upper_bound":0.772357762551951},"point_estimate":0.5989829279868204,"standard_error":0.11295987778177508}}