{"mean":{"confidence_interval":{"confidence_level":0.95,"lower_bound":285375831.5,"upper_bound":373702569.37375003},"point_estimate":329496355.2,"standard_error":24621073.237805106},"median":{"confidence_interval":{"confidence_level":0.95,"lower_bound":219424822.25,"upper_bound":439417927.75},"point_estimate":329381903.75,"standard_error":99787309.3039285},"median_abs_dev":{"confidence_interval":{"confidence_level":0.95,"lower_bound":71497.64243066311,"upper_bound":163127746.00795358},"point_estimate":163107618.9720109,"standard_error":61929369.038165346},"slope":null,"std_dev":{"confidence_interval":{"confidence_level":0.95,"lower_bound":97799234.97592963,"upper_bound":113085683.26413548},"point_estimate":112975781.27261534,"standard_error":4201697.533174952}}