{"mean":{"confidence_interval":{"confidence_level":0.95,"lower_bound":951626929.4102052,"upper_bound":954115077.8301286},"point_estimate":952810518.2160428,"standard_error":637190.2010957269},"median":{"confidence_interval":{"confidence_level":0.95,"lower_bound":950935067.2,"upper_bound":953666288.85},"point_estimate":952222553.9473684,"standard_error":665488.181327075},"median_abs_dev":{"confidence_interval":{"confidence_level":0.95,"lower_bound":1320050.7928609247,"upper_bound":3939795.619348036},"point_estimate":2400632.1902531725,"standard_error":680595.4630685556},"slope":{"confidence_interval":{"confidence_level":0.95,"lower_bound":951204776.0926899,"upper_bound":953079322.941997},"point_estimate":952143319.9418118,"standard_error":475350.7821237403},"std_dev":{"confidence_interval":{"confidence_level":0.95,"lower_bound":1723685.3187783803,"upper_bound":3746431.2722067228},"point_estimate":2920476.4787223632,"standard_error":520167.5723987901}}