{"mean":{"confidence_interval":{"confidence_level":0.95,"lower_bound":710966323.02,"upper_bound":874480910.5699998},"point_estimate":787227242.74,"standard_error":41756585.61050185},"median":{"confidence_interval":{"confidence_level":0.95,"lower_bound":596465292.5,"upper_bound":694406591.0},"point_estimate":628690350.0,"standard_error":21892442.227058806},"median_abs_dev":{"confidence_interval":{"confidence_level":0.95,"lower_bound":110040656.80588782,"upper_bound":222973336.1679969},"point_estimate":156283540.05971253,"standard_error":25956990.41277314},"slope":null,"std_dev":{"confidence_interval":{"confidence_level":0.95,"lower_bound":284086057.9281196,"upper_bound":534332698.7714179},"point_estimate":417548462.94712013,"standard_error":63959532.9052966}}