{"mean":{"confidence_interval":{"confidence_level":0.95,"lower_bound":119293127.39449999,"upper_bound":120187546.84999998},"point_estimate":119719626.67,"standard_error":226926.25906706107},"median":{"confidence_interval":{"confidence_level":0.95,"lower_bound":119204406.6,"upper_bound":120000196.8},"point_estimate":119972124.9,"standard_error":325556.01616014575},"median_abs_dev":{"confidence_interval":{"confidence_level":0.95,"lower_bound":82250.94003975391,"upper_bound":1683530.3729313435},"point_estimate":1123002.7630627155,"standard_error":403224.5669158655},"slope":null,"std_dev":{"confidence_interval":{"confidence_level":0.95,"lower_bound":632415.3638984682,"upper_bound":1347462.9255033417},"point_estimate":1041863.8647283614,"standard_error":185692.56019991424}}