{"mean":{"confidence_interval":{"confidence_level":0.95,"lower_bound":60121312.49449402,"upper_bound":61873532.61537312},"point_estimate":61000946.467558876,"standard_error":448092.1087648922},"median":{"confidence_interval":{"confidence_level":0.95,"lower_bound":59834404.50980392,"upper_bound":62322691.21127946},"point_estimate":61333152.63194445,"standard_error":631935.3995488107},"median_abs_dev":{"confidence_interval":{"confidence_level":0.95,"lower_bound":1236217.5152694136,"upper_bound":3412736.2781368196},"point_estimate":2222043.9264363796,"standard_error":575111.695666747},"slope":{"confidence_interval":{"confidence_level":0.95,"lower_bound":60896833.86401776,"upper_bound":62493053.21221839},"point_estimate":61694676.11184669,"standard_error":408420.88237590366},"std_dev":{"confidence_interval":{"confidence_level":0.95,"lower_bound":1494070.6354744,"upper_bound":2443629.21534928},"point_estimate":2054753.2193437207,"standard_error":243150.06445058165}}