{"mean":{"confidence_interval":{"confidence_level":0.95,"lower_bound":-0.09023799281083694,"upper_bound":0.12838440176287902},"point_estimate":0.011475604265122064,"standard_error":0.05580626766599033},"median":{"confidence_interval":{"confidence_level":0.95,"lower_bound":-0.24961141047394775,"upper_bound":0.13042298570629174},"point_estimate":0.12596078687333412,"standard_error":0.12703287143355632}}