{"mean":{"confidence_interval":{"confidence_level":0.95,"lower_bound":-0.029110678930157275,"upper_bound":0.25885545895547313},"point_estimate":0.08296779303868429,"standard_error":0.07400899659054505},"median":{"confidence_interval":{"confidence_level":0.95,"lower_bound":-0.03149455062174111,"upper_bound":0.08632805365208363},"point_estimate":0.024919305115884915,"standard_error":0.032117935943182005}}