{"mean":{"confidence_interval":{"confidence_level":0.95,"lower_bound":9476470864.1225,"upper_bound":9823866102.15875},"point_estimate":9648791652.95,"standard_error":88447413.4608743},"median":{"confidence_interval":{"confidence_level":0.95,"lower_bound":9459343087.5,"upper_bound":9855999190.0},"point_estimate":9629979766.5,"standard_error":106896763.945793},"median_abs_dev":{"confidence_interval":{"confidence_level":0.95,"lower_bound":169355579.54963744,"upper_bound":596056000.3437907},"point_estimate":335096391.33194983,"standard_error":99850354.20133193},"slope":null,"std_dev":{"confidence_interval":{"confidence_level":0.95,"lower_bound":260900343.05866295,"upper_bound":511818566.71017003},"point_estimate":405000917.9229233,"standard_error":64008282.96827815}}