{"mean":{"confidence_interval":{"confidence_level":0.95,"lower_bound":184618106.8558333,"upper_bound":219892411.23958334},"point_estimate":202212873.8333333,"standard_error":9047403.170171704},"median":{"confidence_interval":{"confidence_level":0.95,"lower_bound":175631101.5,"upper_bound":220250424.5},"point_estimate":175652110.1666667,"standard_error":13882795.759768635},"median_abs_dev":{"confidence_interval":{"confidence_level":0.95,"lower_bound":25458.95964802784,"upper_bound":64386286.669614896},"point_estimate":146845.10279300774,"standard_error":11120597.761027897},"slope":null,"std_dev":{"confidence_interval":{"confidence_level":0.95,"lower_bound":27071624.502057698,"upper_bound":45122364.43012508},"point_estimate":41394936.66237502,"standard_error":4700470.318213798}}