{"mean":{"confidence_interval":{"confidence_level":0.95,"lower_bound":66277046.27255984,"upper_bound":67671451.39084814},"point_estimate":66955390.56194283,"standard_error":358200.94266656524},"median":{"confidence_interval":{"confidence_level":0.95,"lower_bound":66002565.75,"upper_bound":67669654.13825756},"point_estimate":66732356.35,"standard_error":368735.50790758885},"median_abs_dev":{"confidence_interval":{"confidence_level":0.95,"lower_bound":522177.83833429165,"upper_bound":2593623.0278008617},"point_estimate":1491407.0464172342,"standard_error":568964.8153859254},"slope":{"confidence_interval":{"confidence_level":0.95,"lower_bound":66771214.20922217,"upper_bound":68640192.3484061},"point_estimate":67763512.94512194,"standard_error":478589.29936296603},"std_dev":{"confidence_interval":{"confidence_level":0.95,"lower_bound":1095581.6966572471,"upper_bound":2042524.9895482212},"point_estimate":1639147.457922985,"standard_error":243039.81102093152}}