{"mean":{"confidence_interval":{"confidence_level":0.95,"lower_bound":19766278248.14,"upper_bound":20112430358.61875},"point_estimate":19946902418.8,"standard_error":88262151.72508979},"median":{"confidence_interval":{"confidence_level":0.95,"lower_bound":19765282468.5,"upper_bound":20245269248.5},"point_estimate":19997763842.0,"standard_error":122931691.18772477},"median_abs_dev":{"confidence_interval":{"confidence_level":0.95,"lower_bound":156436742.30409265,"upper_bound":625550455.7789594},"point_estimate":366951509.16220844,"standard_error":113476533.31588638},"slope":null,"std_dev":{"confidence_interval":{"confidence_level":0.95,"lower_bound":247829658.6887676,"upper_bound":506290872.6152338},"point_estimate":404413371.69137776,"standard_error":65393589.86716809}}