{"mean":{"confidence_interval":{"confidence_level":0.95,"lower_bound":695792795.9143751,"upper_bound":851313646.5},"point_estimate":776000305.775,"standard_error":39718719.994891986},"median":{"confidence_interval":{"confidence_level":0.95,"lower_bound":676076685.0,"upper_bound":908069179.0},"point_estimate":777983765.75,"standard_error":50360554.45949003},"median_abs_dev":{"confidence_interval":{"confidence_level":0.95,"lower_bound":80117916.78592265,"upper_bound":269727938.02437186},"point_estimate":198498379.6915993,"standard_error":51986219.079160616},"slope":null,"std_dev":{"confidence_interval":{"confidence_level":0.95,"lower_bound":120293869.33925974,"upper_bound":237865151.50280523},"point_estimate":182438112.47012055,"standard_error":31449552.229667418}}