{"mean":{"confidence_interval":{"confidence_level":0.95,"lower_bound":176801335.0953125,"upper_bound":201548966.6809375},"point_estimate":188899415.775,"standard_error":6421101.431217182},"median":{"confidence_interval":{"confidence_level":0.95,"lower_bound":164709080.75,"upper_bound":219651656.25},"point_estimate":164744617.25,"standard_error":19073057.26731925},"median_abs_dev":{"confidence_interval":{"confidence_level":0.95,"lower_bound":35302.74394825101,"upper_bound":48877684.129122645},"point_estimate":120842.46137961745,"standard_error":14442678.980167506},"slope":null,"std_dev":{"confidence_interval":{"confidence_level":0.95,"lower_bound":23470456.44156212,"upper_bound":31574496.97294985},"point_estimate":29545778.344673857,"standard_error":2088169.1962012437}}