{"mean":{"confidence_interval":{"confidence_level":0.95,"lower_bound":104282185.56525,"upper_bound":105154709.38024999},"point_estimate":104718521.79,"standard_error":217517.11887149533},"median":{"confidence_interval":{"confidence_level":0.95,"lower_bound":104003001.80000001,"upper_bound":105587999.80000001},"point_estimate":104797439.4,"standard_error":369907.92365439853},"median_abs_dev":{"confidence_interval":{"confidence_level":0.95,"lower_bound":594510.7286453247,"upper_bound":1761421.5794885291},"point_estimate":1179605.020077829,"standard_error":270924.9366629422},"slope":null,"std_dev":{"confidence_interval":{"confidence_level":0.95,"lower_bound":740178.0280952621,"upper_bound":1189364.8271661915},"point_estimate":1002686.0498283718,"standard_error":115479.03903641847}}