{"mean":{"confidence_interval":{"confidence_level":0.95,"lower_bound":-0.16023497660615696,"upper_bound":0.06435021772454559},"point_estimate":-0.03695012935343012,"standard_error":0.057688871747616326},"median":{"confidence_interval":{"confidence_level":0.95,"lower_bound":-0.10393035727203881,"upper_bound":0.20302135572799873},"point_estimate":-0.05888122961441766,"standard_error":0.08515182380941701}}