{"mean":{"confidence_interval":{"confidence_level":0.95,"lower_bound":-0.0557654113406263,"upper_bound":0.15375666335346636},"point_estimate":0.04219626807076904,"standard_error":0.053893499134732355},"median":{"confidence_interval":{"confidence_level":0.95,"lower_bound":-0.19917847204226302,"upper_bound":0.5028669351988855},"point_estimate":-0.19260803569707186,"standard_error":0.20216440764823182}}