{"mean":{"confidence_interval":{"confidence_level":0.95,"lower_bound":-0.016082268985157896,"upper_bound":0.26932511298600936},"point_estimate":0.11340223897219293,"standard_error":0.07267320801723921},"median":{"confidence_interval":{"confidence_level":0.95,"lower_bound":-0.08457254457808953,"upper_bound":0.6419385628621728},"point_estimate":0.06792147910217894,"standard_error":0.2283523551753284}}