{"mean":{"confidence_interval":{"confidence_level":0.95,"lower_bound":667364286.9416667,"upper_bound":802115916.7029165},"point_estimate":736168881.65,"standard_error":34432025.2485576},"median":{"confidence_interval":{"confidence_level":0.95,"lower_bound":687603915.8333333,"upper_bound":786931486.6666667},"point_estimate":762932558.3333334,"standard_error":32123611.462546743},"median_abs_dev":{"confidence_interval":{"confidence_level":0.95,"lower_bound":10962253.519681066,"upper_bound":267937081.05326593},"point_estimate":211474037.95178533,"standard_error":85972420.66589664},"slope":null,"std_dev":{"confidence_interval":{"confidence_level":0.95,"lower_bound":114029541.14304227,"upper_bound":183772616.82564908},"point_estimate":157477504.94946116,"standard_error":17697932.86150736}}