{"mean":{"confidence_interval":{"confidence_level":0.95,"lower_bound":-0.0928049065817432,"upper_bound":0.1685194129784041},"point_estimate":0.05404594833631893,"standard_error":0.06655240053414357},"median":{"confidence_interval":{"confidence_level":0.95,"lower_bound":0.0881420998530762,"upper_bound":0.25585788860069525},"point_estimate":0.18558939833896493,"standard_error":0.04018271843451641}}