{"mean":{"confidence_interval":{"confidence_level":0.95,"lower_bound":-0.0015420512928423194,"upper_bound":0.0006289258369303936},"point_estimate":-0.0004681574580768233,"standard_error":0.0005500309491370439},"median":{"confidence_interval":{"confidence_level":0.95,"lower_bound":-0.0012477555735129517,"upper_bound":0.0004282848994052735},"point_estimate":-0.00002434047263177863,"standard_error":0.00045859088186768623}}