{"mean":{"confidence_interval":{"confidence_level":0.95,"lower_bound":-0.015091757433698144,"upper_bound":0.38519385904771436},"point_estimate":0.15794365400271904,"standard_error":0.10212736414565407},"median":{"confidence_interval":{"confidence_level":0.95,"lower_bound":-0.22156859786186978,"upper_bound":0.8275697029707214},"point_estimate":0.13207117047423078,"standard_error":0.34225943845152357}}