{"mean":{"confidence_interval":{"confidence_level":0.95,"lower_bound":2769664587.8275003,"upper_bound":2898494321.7012496},"point_estimate":2834899487.45,"standard_error":32918707.35996182},"median":{"confidence_interval":{"confidence_level":0.95,"lower_bound":2741514398.0,"upper_bound":2944726879.5},"point_estimate":2844100393.5,"standard_error":54911807.71267203},"median_abs_dev":{"confidence_interval":{"confidence_level":0.95,"lower_bound":87485686.23561859,"upper_bound":233753100.3734529},"point_estimate":179872243.08342934,"standard_error":37755065.08733987},"slope":null,"std_dev":{"confidence_interval":{"confidence_level":0.95,"lower_bound":109920178.96508883,"upper_bound":182146101.4932205},"point_estimate":151075091.66937324,"standard_error":18587492.240215976}}