{"mean":{"confidence_interval":{"confidence_level":0.95,"lower_bound":872981.2372598097,"upper_bound":935737.2759268786},"point_estimate":904076.275897018,"standard_error":16015.336766029619},"median":{"confidence_interval":{"confidence_level":0.95,"lower_bound":866624.4769647697,"upper_bound":943394.157068654},"point_estimate":902350.2611828471,"standard_error":18865.588719404313},"median_abs_dev":{"confidence_interval":{"confidence_level":0.95,"lower_bound":31663.198426890307,"upper_bound":100556.63370101906},"point_estimate":64630.587617211844,"standard_error":17272.2478098215},"slope":{"confidence_interval":{"confidence_level":0.95,"lower_bound":838582.5816772602,"upper_bound":927093.2688252182},"point_estimate":883133.3892467635,"standard_error":23084.58086570619},"std_dev":{"confidence_interval":{"confidence_level":0.95,"lower_bound":46081.48036227563,"upper_bound":94330.48124122724},"point_estimate":73281.46396599148,"standard_error":12286.714907566395}}