{"mean":{"confidence_interval":{"confidence_level":0.95,"lower_bound":-0.00016449430257355345,"upper_bound":0.00003606469724578001},"point_estimate":-0.00005169484455191942,"standard_error":0.00005184283908895259},"median":{"confidence_interval":{"confidence_level":0.95,"lower_bound":-0.00008033930480833007,"upper_bound":0.000010246589122964167},"point_estimate":-0.00002907476241731377,"standard_error":0.00002298251853569448}}