{"mean":{"confidence_interval":{"confidence_level":0.95,"lower_bound":-0.060195303810325215,"upper_bound":0.16439945033777456},"point_estimate":0.04254333403238575,"standard_error":0.057376701335968706},"median":{"confidence_interval":{"confidence_level":0.95,"lower_bound":-0.24514210162100303,"upper_bound":0.4949501650737471},"point_estimate":0.12584888402518168,"standard_error":0.1990072469550903}}