{"mean":{"confidence_interval":{"confidence_level":0.95,"lower_bound":6077285.671892858,"upper_bound":7355879.551571429},"point_estimate":6664380.409999999,"standard_error":327815.6554526896},"median":{"confidence_interval":{"confidence_level":0.95,"lower_bound":5339232.285714285,"upper_bound":5884169.5},"point_estimate":5607250.428571429,"standard_error":143554.37740164323},"median_abs_dev":{"confidence_interval":{"confidence_level":0.95,"lower_bound":654264.8025844784,"upper_bound":1171032.012810025},"point_estimate":903102.6877667231,"standard_error":139185.83525310404},"slope":null,"std_dev":{"confidence_interval":{"confidence_level":0.95,"lower_bound":1980194.2226711812,"upper_bound":4460272.505481804},"point_estimate":3298063.190295642,"standard_error":640416.7077046282}}