{"mean":{"confidence_interval":{"confidence_level":0.95,"lower_bound":-0.10147724940342782,"upper_bound":0.262893177597785},"point_estimate":0.056260395931166496,"standard_error":0.09319672516512294},"median":{"confidence_interval":{"confidence_level":0.95,"lower_bound":-0.27304107212213835,"upper_bound":0.7293180496716816},"point_estimate":-0.10861417399241546,"standard_error":0.30379446929916126}}