{"mean":{"confidence_interval":{"confidence_level":0.95,"lower_bound":0.10482306865335174,"upper_bound":0.5494407381905245},"point_estimate":0.3081782497768806,"standard_error":0.11232540036419589},"median":{"confidence_interval":{"confidence_level":0.95,"lower_bound":0.33604657015741046,"upper_bound":1.005352244265715},"point_estimate":0.33639346524566194,"standard_error":0.15412497442176198}}