{"mean":{"confidence_interval":{"confidence_level":0.95,"lower_bound":-0.023184458194918798,"upper_bound":-0.005524737428696916},"point_estimate":-0.01454139388405673,"standard_error":0.004602735421241425},"median":{"confidence_interval":{"confidence_level":0.95,"lower_bound":-0.02805483844365675,"upper_bound":0.004713232552300273},"point_estimate":-0.013908456002144187,"standard_error":0.008954625240735736}}