{"mean":{"confidence_interval":{"confidence_level":0.95,"lower_bound":1939595544.8741667,"upper_bound":1944987944.6583338},"point_estimate":1942258843.1833336,"standard_error":1373938.601461503},"median":{"confidence_interval":{"confidence_level":0.95,"lower_bound":1939946458.3333335,"upper_bound":1945465646.3333335},"point_estimate":1941350498.3333335,"standard_error":1665439.1954963403},"median_abs_dev":{"confidence_interval":{"confidence_level":0.95,"lower_bound":1588991.1006900044,"upper_bound":10228805.135202525},"point_estimate":4810395.195898532,"standard_error":2094527.4296612884},"slope":null,"std_dev":{"confidence_interval":{"confidence_level":0.95,"lower_bound":4019677.4933739034,"upper_bound":8026302.748161506},"point_estimate":6284867.219141311,"standard_error":1020534.698178027}}