{"mean":{"confidence_interval":{"confidence_level":0.95,"lower_bound":0.032325764383798805,"upper_bound":0.2841849620457294},"point_estimate":0.14928689531178785,"standard_error":0.06447892917568092},"median":{"confidence_interval":{"confidence_level":0.95,"lower_bound":-0.12966280791556428,"upper_bound":0.5308520028183323},"point_estimate":0.2980169077149577,"standard_error":0.1783478632090401}}