{"mean":{"confidence_interval":{"confidence_level":0.95,"lower_bound":2867926539.671875,"upper_bound":3651997326.25},"point_estimate":3251198354.025,"standard_error":200287114.16620705},"median":{"confidence_interval":{"confidence_level":0.95,"lower_bound":2702935496.5,"upper_bound":3689987251.5},"point_estimate":3159034578.25,"standard_error":271573849.9132458},"median_abs_dev":{"confidence_interval":{"confidence_level":0.95,"lower_bound":493655550.74031204,"upper_bound":1372862385.5115204},"point_estimate":914850882.8703,"standard_error":235247363.12974083},"slope":null,"std_dev":{"confidence_interval":{"confidence_level":0.95,"lower_bound":603942627.8727714,"upper_bound":1171068966.831915},"point_estimate":923839778.4493047,"standard_error":147866681.2280664}}