{"mean":{"confidence_interval":{"confidence_level":0.95,"lower_bound":0.14625928432726887,"upper_bound":0.37813049037375474},"point_estimate":0.25901816753598284,"standard_error":0.05941654114327066},"median":{"confidence_interval":{"confidence_level":0.95,"lower_bound":0.38966812636225834,"upper_bound":0.5042902266204601},"point_estimate":0.45910405294901,"standard_error":0.058844680580477184}}