{"mean":{"confidence_interval":{"confidence_level":0.95,"lower_bound":11584563096.27125,"upper_bound":12071769795.545},"point_estimate":11822395187.1,"standard_error":124533106.53482273},"median":{"confidence_interval":{"confidence_level":0.95,"lower_bound":11453214462.0,"upper_bound":12185578278.5},"point_estimate":11765501147.0,"standard_error":190491623.99231347},"median_abs_dev":{"confidence_interval":{"confidence_level":0.95,"lower_bound":313757524.13139045,"upper_bound":869395520.0281441},"point_estimate":645905670.5292821,"standard_error":146695070.73269442},"slope":null,"std_dev":{"confidence_interval":{"confidence_level":0.95,"lower_bound":393358438.528301,"upper_bound":699516571.7602786},"point_estimate":570800437.2454877,"standard_error":78487902.86125214}}