{"mean":{"confidence_interval":{"confidence_level":0.95,"lower_bound":62643918659.145004,"upper_bound":62849883976.136246},"point_estimate":62745231223.05,"standard_error":52651852.528680064},"median":{"confidence_interval":{"confidence_level":0.95,"lower_bound":62553039418.5,"upper_bound":62902910706.5},"point_estimate":62753231564.5,"standard_error":91913350.49383909},"median_abs_dev":{"confidence_interval":{"confidence_level":0.95,"lower_bound":134715340.32927036,"upper_bound":401054061.7449671},"point_estimate":297565954.1911483,"standard_error":67661028.70819099},"slope":null,"std_dev":{"confidence_interval":{"confidence_level":0.95,"lower_bound":180248161.57971215,"upper_bound":283789630.54345423},"point_estimate":241686506.97227773,"standard_error":26443612.714975845}}