{"mean":{"confidence_interval":{"confidence_level":0.95,"lower_bound":-0.12915095508270785,"upper_bound":0.19241871244102896},"point_estimate":0.01081689520114959,"standard_error":0.08189206791287539},"median":{"confidence_interval":{"confidence_level":0.95,"lower_bound":-0.3333530693556086,"upper_bound":0.6720171002323132},"point_estimate":-0.16502352819156885,"standard_error":0.25701370269917345}}