{"mean":{"confidence_interval":{"confidence_level":0.95,"lower_bound":790998940.941875,"upper_bound":824498427.954375},"point_estimate":809017752.275,"standard_error":8614069.477847451},"median":{"confidence_interval":{"confidence_level":0.95,"lower_bound":803220928.5,"upper_bound":828691084.75},"point_estimate":818798690.75,"standard_error":6519760.400185678},"median_abs_dev":{"confidence_interval":{"confidence_level":0.95,"lower_bound":10511807.648228109,"upper_bound":41537305.15796542},"point_estimate":23095589.901821315,"standard_error":7873909.30478864},"slope":null,"std_dev":{"confidence_interval":{"confidence_level":0.95,"lower_bound":18797932.08784458,"upper_bound":52478980.24865754},"point_estimate":39463852.71348391,"standard_error":8530827.613633832}}