{"mean":{"confidence_interval":{"confidence_level":0.95,"lower_bound":6849652.775,"upper_bound":8137145.88375},"point_estimate":7463696.52,"standard_error":327495.20082850294},"median":{"confidence_interval":{"confidence_level":0.95,"lower_bound":5647750.75,"upper_bound":6574406.4375},"point_estimate":5975273.1875,"standard_error":239161.69242405484},"median_abs_dev":{"confidence_interval":{"confidence_level":0.95,"lower_bound":1079551.651975692,"upper_bound":2413603.2602749765},"point_estimate":1604673.919661343,"standard_error":332129.94590255246},"slope":null,"std_dev":{"confidence_interval":{"confidence_level":0.95,"lower_bound":2596823.0504839364,"upper_bound":3939637.0799469305},"point_estimate":3312836.4800033006,"standard_error":342451.39046970673}}