{"mean":{"confidence_interval":{"confidence_level":0.95,"lower_bound":184002229.0903125,"upper_bound":206695969.9025},"point_estimate":195596354.0,"standard_error":6028990.4887802685},"median":{"confidence_interval":{"confidence_level":0.95,"lower_bound":164732082.625,"upper_bound":219709817.625},"point_estimate":219608103.0,"standard_error":21780608.83340081},"median_abs_dev":{"confidence_interval":{"confidence_level":0.95,"lower_bound":28837.866763025522,"upper_bound":40717876.60957944},"point_estimate":1604561.4273883402,"standard_error":12859550.403444877},"slope":null,"std_dev":{"confidence_interval":{"confidence_level":0.95,"lower_bound":23506387.419260263,"upper_bound":28299485.579282068},"point_estimate":27631299.51272216,"standard_error":1351309.4429571156}}