{"mean":{"confidence_interval":{"confidence_level":0.95,"lower_bound":-0.003691722794042367,"upper_bound":1.6871901237371767},"point_estimate":0.49801343653619456,"standard_error":0.4599145235615396},"median":{"confidence_interval":{"confidence_level":0.95,"lower_bound":-0.4275826733651489,"upper_bound":51715.43645109567},"point_estimate":0.9994112537884108,"standard_error":19944.911037658236}}