{"mean":{"confidence_interval":{"confidence_level":0.95,"lower_bound":1485962657.664375,"upper_bound":1582792220.3075001},"point_estimate":1538834131.8,"standard_error":24789265.57126738},"median":{"confidence_interval":{"confidence_level":0.95,"lower_bound":1502220067.0,"upper_bound":1608868414.25},"point_estimate":1552774088.5,"standard_error":25979903.91113061},"median_abs_dev":{"confidence_interval":{"confidence_level":0.95,"lower_bound":45194567.94703603,"upper_bound":132650238.20488751},"point_estimate":93909515.78732282,"standard_error":22321041.603982504},"slope":null,"std_dev":{"confidence_interval":{"confidence_level":0.95,"lower_bound":59326739.702492215,"upper_bound":161655224.22004858},"point_estimate":113532321.54901393,"standard_error":29051399.599986874}}