{"mean":{"confidence_interval":{"confidence_level":0.95,"lower_bound":14789219.574787488,"upper_bound":15635318.995247902},"point_estimate":15217700.57451571,"standard_error":216813.95839679556},"median":{"confidence_interval":{"confidence_level":0.95,"lower_bound":14487104.385119047,"upper_bound":16018886.343888888},"point_estimate":15685917.277884616,"standard_error":487341.2006032011},"median_abs_dev":{"confidence_interval":{"confidence_level":0.95,"lower_bound":317089.43228301534,"upper_bound":1605190.7510212536},"point_estimate":1023321.6618076777,"standard_error":375830.59849346563},"slope":{"confidence_interval":{"confidence_level":0.95,"lower_bound":14543760.973323524,"upper_bound":15566500.040672677},"point_estimate":15065830.433275262,"standard_error":263023.7873322025},"std_dev":{"confidence_interval":{"confidence_level":0.95,"lower_bound":772693.0962676785,"upper_bound":1114746.5880513028},"point_estimate":993953.2266085218,"standard_error":86865.34167547488}}