{"mean":{"confidence_interval":{"confidence_level":0.95,"lower_bound":6394160.937999997,"upper_bound":7581726.2650999995},"point_estimate":6961727.856000002,"standard_error":302526.5998291754},"median":{"confidence_interval":{"confidence_level":0.95,"lower_bound":5382967.2,"upper_bound":6013801.0},"point_estimate":5608379.3,"standard_error":154903.3510085213},"median_abs_dev":{"confidence_interval":{"confidence_level":0.95,"lower_bound":650968.4321629996,"upper_bound":1509091.9595682623},"point_estimate":937726.8404120201,"standard_error":206623.68342644704},"slope":null,"std_dev":{"confidence_interval":{"confidence_level":0.95,"lower_bound":2270900.440913866,"upper_bound":3653377.484066041},"point_estimate":3024808.5644842107,"standard_error":353837.6502202641}}