{"mean":{"confidence_interval":{"confidence_level":0.95,"lower_bound":0.00651040773122367,"upper_bound":0.29034893448564103},"point_estimate":0.11433800710652653,"standard_error":0.07363471369733654},"median":{"confidence_interval":{"confidence_level":0.95,"lower_bound":-0.026270037400170088,"upper_bound":0.12008966149283773},"point_estimate":0.04810633857915869,"standard_error":0.036664454474671586}}