{"mean":{"confidence_interval":{"confidence_level":0.95,"lower_bound":3787004838.975,"upper_bound":4802997051.97125},"point_estimate":4278791333.35,"standard_error":260211756.42094842},"median":{"confidence_interval":{"confidence_level":0.95,"lower_bound":3365999493.5,"upper_bound":5439848079.5},"point_estimate":3954079790.5,"standard_error":421867979.1633293},"median_abs_dev":{"confidence_interval":{"confidence_level":0.95,"lower_bound":124553714.52932954,"upper_bound":1625141486.5789711},"point_estimate":1429328669.5765436,"standard_error":407373683.22139037},"slope":null,"std_dev":{"confidence_interval":{"confidence_level":0.95,"lower_bound":867746518.5958023,"upper_bound":1439452403.507234},"point_estimate":1195682150.9155056,"standard_error":147648979.5189569}}