{"mean":{"confidence_interval":{"confidence_level":0.95,"lower_bound":43998267.20293169,"upper_bound":44001412.98283461},"point_estimate":43999839.84912863,"standard_error":801.9617102518467},"median":{"confidence_interval":{"confidence_level":0.95,"lower_bound":43998137.349999994,"upper_bound":44001217.78768382},"point_estimate":44000223.33928572,"standard_error":787.3310208574674},"median_abs_dev":{"confidence_interval":{"confidence_level":0.95,"lower_bound":1031.8518409189621,"upper_bound":5154.468463342181},"point_estimate":3069.5996955055525,"standard_error":1050.3422549355982},"slope":{"confidence_interval":{"confidence_level":0.95,"lower_bound":43998726.927291274,"upper_bound":44001173.81437838},"point_estimate":43999844.435365856,"standard_error":620.3258536244329},"std_dev":{"confidence_interval":{"confidence_level":0.95,"lower_bound":2234.5655569560167,"upper_bound":4778.153141533762},"point_estimate":3670.2996699376954,"standard_error":647.826814153777}}