{"mean":{"confidence_interval":{"confidence_level":0.95,"lower_bound":844046480.0904168,"upper_bound":853777639.6579167},"point_estimate":849212575.2333336,"standard_error":2489659.3051350317},"median":{"confidence_interval":{"confidence_level":0.95,"lower_bound":848639265.3333334,"upper_bound":854710693.6666667},"point_estimate":851115989.6666666,"standard_error":1894393.313062034},"median_abs_dev":{"confidence_interval":{"confidence_level":0.95,"lower_bound":3088524.58996761,"upper_bound":14709085.856461465},"point_estimate":8657540.98819801,"standard_error":3118226.5962264887},"slope":null,"std_dev":{"confidence_interval":{"confidence_level":0.95,"lower_bound":6070575.013577057,"upper_bound":14755758.938465199},"point_estimate":11398726.441160377,"standard_error":2207161.289879498}}