{"mean":{"confidence_interval":{"confidence_level":0.95,"lower_bound":132228454.35500002,"upper_bound":135186849.8675},"point_estimate":133799713.91,"standard_error":755295.4829232601},"median":{"confidence_interval":{"confidence_level":0.95,"lower_bound":132802233.1,"upper_bound":136110967.5},"point_estimate":135198874.2,"standard_error":896085.9204228449},"median_abs_dev":{"confidence_interval":{"confidence_level":0.95,"lower_bound":1038913.6955755772,"upper_bound":5161322.952588205},"point_estimate":2377648.8395082993,"standard_error":1009743.3618714899},"slope":null,"std_dev":{"confidence_interval":{"confidence_level":0.95,"lower_bound":2014679.2696956631,"upper_bound":4321397.130062622},"point_estimate":3462856.5423018225,"standard_error":585854.0891311442}}