{"mean":{"confidence_interval":{"confidence_level":0.95,"lower_bound":0.07933346365899502,"upper_bound":0.3167244846018104},"point_estimate":0.19190707291970943,"standard_error":0.06044662589751304},"median":{"confidence_interval":{"confidence_level":0.95,"lower_bound":-0.05028020008850265,"upper_bound":0.5033112497660064},"point_estimate":0.42576504010101845,"standard_error":0.13167726768647264}}