{"mean":{"confidence_interval":{"confidence_level":0.95,"lower_bound":-0.08579026556405596,"upper_bound":0.12749856500035556},"point_estimate":0.015328132564517594,"standard_error":0.05545410653308727},"median":{"confidence_interval":{"confidence_level":0.95,"lower_bound":-0.2495656203712585,"upper_bound":0.5017287654606275},"point_estimate":-0.24636370139359287,"standard_error":0.2141974874366417}}