{"mean":{"confidence_interval":{"confidence_level":0.95,"lower_bound":142324247.20949998,"upper_bound":154640893.41825002},"point_estimate":147605471.95,"standard_error":3142899.3335455316},"median":{"confidence_interval":{"confidence_level":0.95,"lower_bound":140571055.7,"upper_bound":140589860.0},"point_estimate":140578619.3,"standard_error":1144731.568400094},"median_abs_dev":{"confidence_interval":{"confidence_level":0.95,"lower_bound":8818.208123441093,"upper_bound":65750.64015271931},"point_estimate":19068.60782143361,"standard_error":1178556.812403063},"slope":null,"std_dev":{"confidence_interval":{"confidence_level":0.95,"lower_bound":7864241.295625354,"upper_bound":17683294.57261563},"point_estimate":14440065.267511604,"standard_error":2866410.695159334}}