{"mean":{"confidence_interval":{"confidence_level":0.95,"lower_bound":12617037630.35125,"upper_bound":12946706914.8275},"point_estimate":12787929747.7,"standard_error":84036403.72307716},"median":{"confidence_interval":{"confidence_level":0.95,"lower_bound":12670708577.0,"upper_bound":12978639002.0},"point_estimate":12836948064.0,"standard_error":86700766.61854339},"median_abs_dev":{"confidence_interval":{"confidence_level":0.95,"lower_bound":158250796.03438675,"upper_bound":516433372.76587486},"point_estimate":331937798.82012606,"standard_error":91483063.90022664},"slope":null,"std_dev":{"confidence_interval":{"confidence_level":0.95,"lower_bound":231739597.63614386,"upper_bound":502688079.917676},"point_estimate":386101335.6211297,"standard_error":69334534.28241259}}