{"mean":{"confidence_interval":{"confidence_level":0.95,"lower_bound":210947180.0428125,"upper_bound":237505538.30375},"point_estimate":224202547.7625,"standard_error":7247636.064734845},"median":{"confidence_interval":{"confidence_level":0.95,"lower_bound":197724019.875,"upper_bound":263671639.125},"point_estimate":197746152.5,"standard_error":23075537.15367675},"median_abs_dev":{"confidence_interval":{"confidence_level":0.95,"lower_bound":49444.15314719081,"upper_bound":48952688.305816054},"point_estimate":172640.24198502302,"standard_error":15469436.412331827},"slope":null,"std_dev":{"confidence_interval":{"confidence_level":0.95,"lower_bound":27049740.94646497,"upper_bound":33928765.770087704},"point_estimate":33196118.692763135,"standard_error":2055546.6509527315}}