{"mean":{"confidence_interval":{"confidence_level":0.95,"lower_bound":-0.00021332689131570707,"upper_bound":0.0015017250138117221},"point_estimate":0.0004812233459103865,"standard_error":0.00044679004194734064},"median":{"confidence_interval":{"confidence_level":0.95,"lower_bound":-0.00006069815432074854,"upper_bound":0.00007777032626798963},"point_estimate":3.2666475453524413e-6,"standard_error":0.000033811858693688975}}