{"mean":{"confidence_interval":{"confidence_level":0.95,"lower_bound":177935855.521875,"upper_bound":205844385.39281246},"point_estimate":191336305.9125,"standard_error":7136887.323232913},"median":{"confidence_interval":{"confidence_level":0.95,"lower_bound":163707998.5,"upper_bound":198674436.125},"point_estimate":187697707.5,"standard_error":7987756.774748055},"median_abs_dev":{"confidence_interval":{"confidence_level":0.95,"lower_bound":10277992.36612916,"upper_bound":53286660.687247664},"point_estimate":35567141.93195701,"standard_error":11714752.566688256},"slope":null,"std_dev":{"confidence_interval":{"confidence_level":0.95,"lower_bound":20623328.48127514,"upper_bound":40220769.096505865},"point_estimate":32773485.99759498,"standard_error":4923662.137358419}}