{"mean":{"confidence_interval":{"confidence_level":0.95,"lower_bound":316588118.2833333,"upper_bound":391892739.0991667},"point_estimate":354041358.2333333,"standard_error":19219805.34261444},"median":{"confidence_interval":{"confidence_level":0.95,"lower_bound":278908941.8333333,"upper_bound":425599199.0},"point_estimate":347558174.3333334,"standard_error":39717644.2346631},"median_abs_dev":{"confidence_interval":{"confidence_level":0.95,"lower_bound":31660693.623310268,"upper_bound":142294464.79576832},"point_estimate":139310898.6470372,"standard_error":27849510.08014176},"slope":null,"std_dev":{"confidence_interval":{"confidence_level":0.95,"lower_bound":69815265.08301963,"upper_bound":98505934.71135987},"point_estimate":88120462.07426775,"standard_error":7358715.892490339}}