{"mean":{"confidence_interval":{"confidence_level":0.95,"lower_bound":1160694502.600625,"upper_bound":1244896584.3456252},"point_estimate":1202898525.55,"standard_error":21541380.935741205},"median":{"confidence_interval":{"confidence_level":0.95,"lower_bound":1138993757.5,"upper_bound":1268981605.5},"point_estimate":1195994168.75,"standard_error":31233862.262557477},"median_abs_dev":{"confidence_interval":{"confidence_level":0.95,"lower_bound":56341852.043782175,"upper_bound":166040294.7530955},"point_estimate":108211171.80441767,"standard_error":29559548.961922105},"slope":null,"std_dev":{"confidence_interval":{"confidence_level":0.95,"lower_bound":72770868.38099897,"upper_bound":117873623.15756685},"point_estimate":98891354.05189842,"standard_error":11582529.182886228}}