{"mean":{"confidence_interval":{"confidence_level":0.95,"lower_bound":-0.0007633913186265523,"upper_bound":0.0008288312675278123},"point_estimate":-0.00005268377647316136,"standard_error":0.00040153210637811537},"median":{"confidence_interval":{"confidence_level":0.95,"lower_bound":-0.00011078079599513856,"upper_bound":0.000025009926922336945},"point_estimate":-0.000023522128074771054,"standard_error":0.00010537930707101083}}